delete from SPLNENIE_DODATOCNEJ_PODMIENKY;
delete from DODATOCNE_PODMIENKY;
delete from prerekvizity;
delete from VYDANY_CERTIFIKAT;
delete from alternativy_skusky;
delete from certifikat;
delete from typ_certifikatu;
delete from db_verzia;
delete from cert_level;
delete from predchadzajuce_skusky;
delete from okruh_tem;
delete from tema;
delete from REGISTRACIA_NA_SKUSKU;
delete from ponukane_skusky;
delete from skuska;
delete from certifikacna_firma;
delete from osoba;
delete from mesto;
delete from typ_dodatocnej_podmienky;
delete from krajina;

--### Generujem krajiny ###

INSERT INTO krajina(id_krajiny, nazov, kod) VALUES(1, 'Slovensko', 'SVK');

--### Generujem mest· ###

INSERT INTO mesto(id_mesta, id_krajiny, nazov, psc) VALUES(1, '1', 'Jasenov·', '53330');
INSERT INTO mesto(id_mesta, id_krajiny, nazov, psc) VALUES(2, '1', 'Medzianky', '25246');
INSERT INTO mesto(id_mesta, id_krajiny, nazov, psc) VALUES(3, '1', 'Pribeta', '11320');
INSERT INTO mesto(id_mesta, id_krajiny, nazov, psc) VALUES(4, '1', 'OlejnÌkov', '17624');
INSERT INTO mesto(id_mesta, id_krajiny, nazov, psc) VALUES(5, '1', 'TurËok', '67311');
INSERT INTO mesto(id_mesta, id_krajiny, nazov, psc) VALUES(6, '1', 'B˙Ë', '00127');
INSERT INTO mesto(id_mesta, id_krajiny, nazov, psc) VALUES(7, '1', 'äariösk· Trsten·', '57922');
INSERT INTO mesto(id_mesta, id_krajiny, nazov, psc) VALUES(8, '1', 'D˙bravy', '75202');
INSERT INTO mesto(id_mesta, id_krajiny, nazov, psc) VALUES(9, '1', 'D˙bravica', '71615');
INSERT INTO mesto(id_mesta, id_krajiny, nazov, psc) VALUES(10, '1', 'Such· Hora', '62846');
INSERT INTO mesto(id_mesta, id_krajiny, nazov, psc) VALUES(11, '1', 'éiar', '18222');
INSERT INTO mesto(id_mesta, id_krajiny, nazov, psc) VALUES(12, '1', 'ºuboreË', '16439');
INSERT INTO mesto(id_mesta, id_krajiny, nazov, psc) VALUES(13, '1', 'Petrovce', '94547');
INSERT INTO mesto(id_mesta, id_krajiny, nazov, psc) VALUES(14, '1', 'VyönÈ NemeckÈ', '63694');
INSERT INTO mesto(id_mesta, id_krajiny, nazov, psc) VALUES(15, '1', 'Mur·Ú', '10114');
INSERT INTO mesto(id_mesta, id_krajiny, nazov, psc) VALUES(16, '1', 'Chud· Lehota', '76256');
INSERT INTO mesto(id_mesta, id_krajiny, nazov, psc) VALUES(17, '1', 'Modr˝ KameÚ', '79834');
INSERT INTO mesto(id_mesta, id_krajiny, nazov, psc) VALUES(18, '1', 'ºubietov·', '71973');
INSERT INTO mesto(id_mesta, id_krajiny, nazov, psc) VALUES(19, '1', 'Horn˝ Bar', '04178');
INSERT INTO mesto(id_mesta, id_krajiny, nazov, psc) VALUES(20, '1', 'SaËurov', '76796');
INSERT INTO mesto(id_mesta, id_krajiny, nazov, psc) VALUES(21, '1', 'KrËava', '29861');
INSERT INTO mesto(id_mesta, id_krajiny, nazov, psc) VALUES(22, '1', 'Trn·vka', '75089');
INSERT INTO mesto(id_mesta, id_krajiny, nazov, psc) VALUES(23, '1', 'Haniska', '29423');
INSERT INTO mesto(id_mesta, id_krajiny, nazov, psc) VALUES(24, '1', 'Vojnatina', '21457');
INSERT INTO mesto(id_mesta, id_krajiny, nazov, psc) VALUES(25, '1', 'Os·dka', '35788');

--### Generujem osoby ###

INSERT INTO osoba(rod_cislo, id_mesta, ulica, meno, priezvisko) VALUES('9661172857', 23, 'KomenskÈho', 'Alexandra', 'Medvedov·');
INSERT INTO osoba(rod_cislo, id_mesta, ulica, meno, priezvisko) VALUES('1902195311', 2, 'P˙pavov·', 'Blaûej', 'Bergo');
INSERT INTO osoba(rod_cislo, id_mesta, ulica, meno, priezvisko) VALUES('3208046184', 1, '»ajkovskÈho', 'Izidor', 'LajË·k');
INSERT INTO osoba(rod_cislo, id_mesta, ulica, meno, priezvisko) VALUES('4755340563', 4, 'Vetern·', 'Dana', 'H·ov·');
INSERT INTO osoba(rod_cislo, id_mesta, ulica, meno, priezvisko) VALUES('1607397330', 11, 'Petra Boh˙Úa', 'Tom·ö', 'Balladies');
INSERT INTO osoba(rod_cislo, id_mesta, ulica, meno, priezvisko) VALUES('6204333353', 19, 'Zlievarensk· ulica', 'Frederik', 'Poll·k');
INSERT INTO osoba(rod_cislo, id_mesta, ulica, meno, priezvisko) VALUES('1458273612', 20, 'DiaæniËn·', 'Elena', 'Brtov·');
INSERT INTO osoba(rod_cislo, id_mesta, ulica, meno, priezvisko) VALUES('2902277043', 22, 'Obl˙kov·', 'Filip', 'Jurka');
INSERT INTO osoba(rod_cislo, id_mesta, ulica, meno, priezvisko) VALUES('2262230215', 16, 'Tibora Kruûliaka', 'Dorota', 'Bellaticzov·');
INSERT INTO osoba(rod_cislo, id_mesta, ulica, meno, priezvisko) VALUES('6510127544', 4, 'M˙zejnÈ n·mestie', 'Frantiöek', 'Baris');
INSERT INTO osoba(rod_cislo, id_mesta, ulica, meno, priezvisko) VALUES('3104147121', 23, 'Ustianska', 'Ign·c', 'Kostrec');
INSERT INTO osoba(rod_cislo, id_mesta, ulica, meno, priezvisko) VALUES('3710030216', 13, 'Koz·cka', 'Jakub', 'Thomka');
INSERT INTO osoba(rod_cislo, id_mesta, ulica, meno, priezvisko) VALUES('0007170510', 17, 'Stromov· ulica', 'J˙lius', 'Brna');
INSERT INTO osoba(rod_cislo, id_mesta, ulica, meno, priezvisko) VALUES('8507369081', 21, 'Hradobn· uliËka', 'Rastislav', 'Boock');
INSERT INTO osoba(rod_cislo, id_mesta, ulica, meno, priezvisko) VALUES('0802336853', 14, 'Johna Dopyeru', 'Viktor', 'Bedn·R');
INSERT INTO osoba(rod_cislo, id_mesta, ulica, meno, priezvisko) VALUES('7759116828', 8, 'V. PaulÌnyho TÛtha', 'Zora', 'Konstantinidisov·');
INSERT INTO osoba(rod_cislo, id_mesta, ulica, meno, priezvisko) VALUES('0053166647', 23, 'VajanskÈho', 'Ag·ta', 'Burdtov·');
INSERT INTO osoba(rod_cislo, id_mesta, ulica, meno, priezvisko) VALUES('1753075661', 1, 'J·na HlubÌka', 'Kl·ra', 'Malachovs·');
INSERT INTO osoba(rod_cislo, id_mesta, ulica, meno, priezvisko) VALUES('0157013576', 6, 'Tibora Kruûliaka', 'Regina', 'HrdliËov·');
INSERT INTO osoba(rod_cislo, id_mesta, ulica, meno, priezvisko) VALUES('3157196275', 18, 'Klempova', 'Marta', 'Fabuöov·');
INSERT INTO osoba(rod_cislo, id_mesta, ulica, meno, priezvisko) VALUES('5455345369', 11, 'Zavarsk·', 'Laura', 'Lettrichov·');
INSERT INTO osoba(rod_cislo, id_mesta, ulica, meno, priezvisko) VALUES('7959180376', 9, 'A. Sl·dkoviËa', 'Boûidara', 'Skutec·');
INSERT INTO osoba(rod_cislo, id_mesta, ulica, meno, priezvisko) VALUES('8101121390', 9, 'Spartakovsk·', 'ºuboslav', 'SvrbÌk');
INSERT INTO osoba(rod_cislo, id_mesta, ulica, meno, priezvisko) VALUES('4302190678', 7, 'Such·', 'Demeter', 'Kol·¯');
INSERT INTO osoba(rod_cislo, id_mesta, ulica, meno, priezvisko) VALUES('4001228779', 8, 'éitn·', 'AlfrÈd', 'Tomka');
INSERT INTO osoba(rod_cislo, id_mesta, ulica, meno, priezvisko) VALUES('9204261643', 1, 'Tom·öikova', 'Henrich', 'Mari·n');
INSERT INTO osoba(rod_cislo, id_mesta, ulica, meno, priezvisko) VALUES('3503047393', 7, 'Rudolfa Dilonga', 'Teodor', 'Bechdian');
INSERT INTO osoba(rod_cislo, id_mesta, ulica, meno, priezvisko) VALUES('8508293448', 5, 'Martina Benku', 'Vratko', 'Bolener');
INSERT INTO osoba(rod_cislo, id_mesta, ulica, meno, priezvisko) VALUES('2053388911', 22, 'Streleck·', 'KatarÌna', 'Basikov·');
INSERT INTO osoba(rod_cislo, id_mesta, ulica, meno, priezvisko) VALUES('2651352197', 9, 'Trhov·', 'Klaudia', 'Michaliov·');
INSERT INTO osoba(rod_cislo, id_mesta, ulica, meno, priezvisko) VALUES('4762090147', 10, '9. m·ja', 'KornÈlia', 'Jurov·');
INSERT INTO osoba(rod_cislo, id_mesta, ulica, meno, priezvisko) VALUES('6661208963', 17, 'äM Dolina', 'KatarÌna', 'Koles·rov·');
INSERT INTO osoba(rod_cislo, id_mesta, ulica, meno, priezvisko) VALUES('1957306954', 17, 'Pavla Hlbinu', 'Jela', 'Bal·Zsov·');
INSERT INTO osoba(rod_cislo, id_mesta, ulica, meno, priezvisko) VALUES('2007212681', 19, 'Modransk·', 'Igor', 'Banczik');
INSERT INTO osoba(rod_cislo, id_mesta, ulica, meno, priezvisko) VALUES('0808289464', 12, 'Teheln·', 'Mari·n', 'Michalko');
INSERT INTO osoba(rod_cislo, id_mesta, ulica, meno, priezvisko) VALUES('0503184381', 1, 'VajanskÈho', 'Silvester', 'HrdliËka');
INSERT INTO osoba(rod_cislo, id_mesta, ulica, meno, priezvisko) VALUES('5456291401', 7, 'Slovensk· ulica', 'Milada', 'Filipov·');
INSERT INTO osoba(rod_cislo, id_mesta, ulica, meno, priezvisko) VALUES('2505385537', 21, 'Cukrov· ulica', 'Teodor', 'Zatopek');
INSERT INTO osoba(rod_cislo, id_mesta, ulica, meno, priezvisko) VALUES('5405003122', 9, 'Okruûn· ulica', 'ºudovÌt', 'Debn·r');
INSERT INTO osoba(rod_cislo, id_mesta, ulica, meno, priezvisko) VALUES('8153066114', 25, 'ätudentsk·', 'Nat·lia', 'Kolnikov·');
INSERT INTO osoba(rod_cislo, id_mesta, ulica, meno, priezvisko) VALUES('8460130716', 25, 'Mozartova', 'Zdenka', 'Ho¯aov·');
INSERT INTO osoba(rod_cislo, id_mesta, ulica, meno, priezvisko) VALUES('4811356214', 7, 'Skladov·', 'Daniel', 'JanËo');
INSERT INTO osoba(rod_cislo, id_mesta, ulica, meno, priezvisko) VALUES('6307311043', 2, 'Staroh·jska ulica', 'Eugen', 'B·n');
INSERT INTO osoba(rod_cislo, id_mesta, ulica, meno, priezvisko) VALUES('5562098321', 17, '»ereöÚov· ulica', 'Edita', 'Senov·');
INSERT INTO osoba(rod_cislo, id_mesta, ulica, meno, priezvisko) VALUES('1808209263', 21, 'VladimÌra Roya', 'AlfrÈd', 'Hraöko');
INSERT INTO osoba(rod_cislo, id_mesta, ulica, meno, priezvisko) VALUES('4258181980', 17, 'Nerudova', 'ätef·nia', 'Bˆsorov·');
INSERT INTO osoba(rod_cislo, id_mesta, ulica, meno, priezvisko) VALUES('5853148648', 3, 'JesenskÈho', 'XÈnia', 'LajË·kov·');
INSERT INTO osoba(rod_cislo, id_mesta, ulica, meno, priezvisko) VALUES('8007055063', 2, 'Teodora Tekela', 'Milan', 'Bedn·R');
INSERT INTO osoba(rod_cislo, id_mesta, ulica, meno, priezvisko) VALUES('6655065919', 14, 'Andreja éarnova', 'Marta', 'Zachari·öov·');
INSERT INTO osoba(rod_cislo, id_mesta, ulica, meno, priezvisko) VALUES('4210290599', 24, 'Vl·rska', 'Fedor', 'Pelikan');
INSERT INTO osoba(rod_cislo, id_mesta, ulica, meno, priezvisko) VALUES('3611334112', 4, 'Jerichova', 'Milan', 'Stefan');
INSERT INTO osoba(rod_cislo, id_mesta, ulica, meno, priezvisko) VALUES('0002235313', 8, 'Tom·öikova', 'Belo', 'Beutler');
INSERT INTO osoba(rod_cislo, id_mesta, ulica, meno, priezvisko) VALUES('7804331869', 1, 'Malûenick· cesta', 'BohumÌr', 'Bednaric');
INSERT INTO osoba(rod_cislo, id_mesta, ulica, meno, priezvisko) VALUES('1951163112', 25, 'Andreja éarnova', 'Marcela', 'TomeËov·');
INSERT INTO osoba(rod_cislo, id_mesta, ulica, meno, priezvisko) VALUES('9812031935', 2, 'KoËiöskÈ', 'Kristi·n', 'Plch');
INSERT INTO osoba(rod_cislo, id_mesta, ulica, meno, priezvisko) VALUES('7408199810', 4, 'Botanick·', 'Demeter', 'Bˆsor');
INSERT INTO osoba(rod_cislo, id_mesta, ulica, meno, priezvisko) VALUES('2305133206', 5, 'Astrov·', 'Ondrej', 'Ballard');
INSERT INTO osoba(rod_cislo, id_mesta, ulica, meno, priezvisko) VALUES('9706166301', 9, 'Zlievarensk· ulica', 'Filip', 'Brtko');
INSERT INTO osoba(rod_cislo, id_mesta, ulica, meno, priezvisko) VALUES('4059399413', 24, 'J·noöÌkova', 'Izabela', 'Melcerov·');
INSERT INTO osoba(rod_cislo, id_mesta, ulica, meno, priezvisko) VALUES('6108333982', 23, 'Hlbok·', 'Dion˝z', 'Bednarics');
INSERT INTO osoba(rod_cislo, id_mesta, ulica, meno, priezvisko) VALUES('8660176455', 4, 'TrojiËnÈ n·mestie', 'Milena', 'Mich·lekov·');
INSERT INTO osoba(rod_cislo, id_mesta, ulica, meno, priezvisko) VALUES('8009285352', 24, 'Cukrov· ulica', 'KazimÌr', 'Senko');
INSERT INTO osoba(rod_cislo, id_mesta, ulica, meno, priezvisko) VALUES('3757166273', 15, 'Maxima GorkÈho', 'Jana', 'Fajnorov·');
INSERT INTO osoba(rod_cislo, id_mesta, ulica, meno, priezvisko) VALUES('6909181657', 23, 'ätudentsk·', 'MÛric', 'Beck');
INSERT INTO osoba(rod_cislo, id_mesta, ulica, meno, priezvisko) VALUES('3662233504', 11, 'Murgaöova', 'Andrea', 'Hrianov·');
INSERT INTO osoba(rod_cislo, id_mesta, ulica, meno, priezvisko) VALUES('9053259573', 23, 'KukuËÌnova', 'Marcela', 'Hagaov·');
INSERT INTO osoba(rod_cislo, id_mesta, ulica, meno, priezvisko) VALUES('2361380907', 22, 'Ivana Krasku', 'AlbÌna', 'Daov·');
INSERT INTO osoba(rod_cislo, id_mesta, ulica, meno, priezvisko) VALUES('5962391443', 12, 'Nov·', 'Roz·lia', 'Doböins·');
INSERT INTO osoba(rod_cislo, id_mesta, ulica, meno, priezvisko) VALUES('4759130791', 9, 'Radarov·', 'Adri·na', 'Tat·rov·');
INSERT INTO osoba(rod_cislo, id_mesta, ulica, meno, priezvisko) VALUES('3762305289', 8, 'N·mestie Slov.uËenÈho tovariöstva', 'Ema', 'Habl·kov·');
INSERT INTO osoba(rod_cislo, id_mesta, ulica, meno, priezvisko) VALUES('5455379022', 20, 'Ovocn·', 'Uröuæa', 'Lettrichov·');
INSERT INTO osoba(rod_cislo, id_mesta, ulica, meno, priezvisko) VALUES('2958292171', 9, 'ätefana FidlÌka', 'Ren·ta', 'DeveËov·');
INSERT INTO osoba(rod_cislo, id_mesta, ulica, meno, priezvisko) VALUES('0712085151', 20, 'Krajn·', 'Viktor', 'Peöek');
INSERT INTO osoba(rod_cislo, id_mesta, ulica, meno, priezvisko) VALUES('4205040471', 20, 'Stroj·rensk·', 'Stanislav', 'Mih·lik');
INSERT INTO osoba(rod_cislo, id_mesta, ulica, meno, priezvisko) VALUES('0854289504', 7, 'Teodora Tekela', 'Zuzana', 'Zachaov·');
INSERT INTO osoba(rod_cislo, id_mesta, ulica, meno, priezvisko) VALUES('5809234497', 9, 'RobotnÌcka', 'AugustÌn', 'Bˆhm');
INSERT INTO osoba(rod_cislo, id_mesta, ulica, meno, priezvisko) VALUES('7457121281', 6, 'Ustianska', 'éofia', 'Paulia');
INSERT INTO osoba(rod_cislo, id_mesta, ulica, meno, priezvisko) VALUES('3757323705', 12, 'Spojn· ulica', 'Irena', 'MiklÌkov·');
INSERT INTO osoba(rod_cislo, id_mesta, ulica, meno, priezvisko) VALUES('3511114946', 1, 'Malûenick· cesta', 'Jaroslav', 'Janko');
INSERT INTO osoba(rod_cislo, id_mesta, ulica, meno, priezvisko) VALUES('5455346628', 25, 'Andreja Hlinku', 'Veronika', 'Beladicsov·');
INSERT INTO osoba(rod_cislo, id_mesta, ulica, meno, priezvisko) VALUES('0358124119', 2, 'Pieöùansk·', 'Dorota', 'Pavukov·');
INSERT INTO osoba(rod_cislo, id_mesta, ulica, meno, priezvisko) VALUES('8456176891', 18, 'ätudentsk·', 'Marta', 'Duov·');
INSERT INTO osoba(rod_cislo, id_mesta, ulica, meno, priezvisko) VALUES('0501398295', 15, 'Legion·rska ulica', 'Rad˙z', 'JanoËko');
INSERT INTO osoba(rod_cislo, id_mesta, ulica, meno, priezvisko) VALUES('2259368348', 8, 'ViktorÌniho n·mestie', 'Monika', 'J·niov·');
INSERT INTO osoba(rod_cislo, id_mesta, ulica, meno, priezvisko) VALUES('4204317645', 14, 'V. PaulÌnyho TÛtha', 'Izidor', 'Fico');
INSERT INTO osoba(rod_cislo, id_mesta, ulica, meno, priezvisko) VALUES('2757196659', 1, 'Tatransk·', 'Kl·ra', 'Koles·rov·');
INSERT INTO osoba(rod_cislo, id_mesta, ulica, meno, priezvisko) VALUES('8605148477', 1, 'Jazdeck· ulica', 'Cyril', 'Dost·l');
INSERT INTO osoba(rod_cislo, id_mesta, ulica, meno, priezvisko) VALUES('1959389943', 4, 'Tatransk·', 'Darina', 'Labantov·');
INSERT INTO osoba(rod_cislo, id_mesta, ulica, meno, priezvisko) VALUES('2006293273', 1, 'Mal·', 'Bonif·c', 'Z·borsk˝');
INSERT INTO osoba(rod_cislo, id_mesta, ulica, meno, priezvisko) VALUES('4959382500', 4, 'ºudmily Podjavorinskej', 'Zina', 'Michalechov·');
INSERT INTO osoba(rod_cislo, id_mesta, ulica, meno, priezvisko) VALUES('0106052413', 21, 'MarkoviËova', 'Bruno', 'MasarÌk');
INSERT INTO osoba(rod_cislo, id_mesta, ulica, meno, priezvisko) VALUES('3761129172', 6, 'BuËianska', 'Marcela', 'DanÏkov·');
INSERT INTO osoba(rod_cislo, id_mesta, ulica, meno, priezvisko) VALUES('6812293565', 12, 'Belgick· ulica', 'Gust·v', 'Solan');
INSERT INTO osoba(rod_cislo, id_mesta, ulica, meno, priezvisko) VALUES('7503003552', 25, 'Ag·tov· ulica', 'Alexej', 'Breem');
INSERT INTO osoba(rod_cislo, id_mesta, ulica, meno, priezvisko) VALUES('3557399186', 15, 'Jasn·', 'Izabela', 'Zatopekov·');
INSERT INTO osoba(rod_cislo, id_mesta, ulica, meno, priezvisko) VALUES('5257374017', 23, 'Mal·', 'Dominika', 'St¸mpelov·');
INSERT INTO osoba(rod_cislo, id_mesta, ulica, meno, priezvisko) VALUES('0455081607', 14, 'Paûitn·', 'Dominika', 'Buchleutnerov·');
INSERT INTO osoba(rod_cislo, id_mesta, ulica, meno, priezvisko) VALUES('9311110545', 23, 'äportov·', 'Silvester', 'Farkas');
INSERT INTO osoba(rod_cislo, id_mesta, ulica, meno, priezvisko) VALUES('2808362708', 16, 'Lichardova', 'Martin', 'Hanzal');
INSERT INTO osoba(rod_cislo, id_mesta, ulica, meno, priezvisko) VALUES('2755160547', 15, 'N·mestie Slov.n·rod.povstania', 'Dobromila', 'Pleöivecov·');
INSERT INTO osoba(rod_cislo, id_mesta, ulica, meno, priezvisko) VALUES('7505162841', 19, 'P˙pavov·', 'Maximili·n', 'Tom·öko');
INSERT INTO osoba(rod_cislo, id_mesta, ulica, meno, priezvisko) VALUES('2104147984', 23, 'VladimÌra Clementisa', 'Gaöpar', 'MiklÛs');
INSERT INTO osoba(rod_cislo, id_mesta, ulica, meno, priezvisko) VALUES('3953000742', 7, 'Pieöùansk·', 'Linda', 'Proh·szov·');
INSERT INTO osoba(rod_cislo, id_mesta, ulica, meno, priezvisko) VALUES('1501053195', 9, 'ätefana BaniËa', 'Ondrej', 'Malachovsk˝');
INSERT INTO osoba(rod_cislo, id_mesta, ulica, meno, priezvisko) VALUES('3707134317', 7, 'Kamenn˝ mlyn', 'Tom·ö', 'Beladics');
INSERT INTO osoba(rod_cislo, id_mesta, ulica, meno, priezvisko) VALUES('9501274148', 1, 'Vl·rska', 'Vasil', 'Bord·cs');
INSERT INTO osoba(rod_cislo, id_mesta, ulica, meno, priezvisko) VALUES('9654123322', 13, 'Dohn·nyho', 'SidÛnia', 'Beyselov·');
INSERT INTO osoba(rod_cislo, id_mesta, ulica, meno, priezvisko) VALUES('0706252830', 11, 'Maximili·na Hella', 'Alexej', 'Slov·k');
INSERT INTO osoba(rod_cislo, id_mesta, ulica, meno, priezvisko) VALUES('7910225306', 11, 'J·na Bottu', 'Samuel', 'B·n');
INSERT INTO osoba(rod_cislo, id_mesta, ulica, meno, priezvisko) VALUES('2912295973', 24, 'Koz·cka', 'Vojtech', 'Tom·öka');
INSERT INTO osoba(rod_cislo, id_mesta, ulica, meno, priezvisko) VALUES('6759303252', 7, 'Malûenick· cesta', 'EugÈnia', 'Timov·');
INSERT INTO osoba(rod_cislo, id_mesta, ulica, meno, priezvisko) VALUES('0057355112', 7, 'Belgick· ulica', 'HermÌna', 'Fiov·');
INSERT INTO osoba(rod_cislo, id_mesta, ulica, meno, priezvisko) VALUES('9661051724', 6, 'Antona MalatinskÈho', 'Regina', 'Mari·nov·');
INSERT INTO osoba(rod_cislo, id_mesta, ulica, meno, priezvisko) VALUES('4853082241', 3, 'KukuËÌnova', 'Veronika', 'Pa˙kov·');
INSERT INTO osoba(rod_cislo, id_mesta, ulica, meno, priezvisko) VALUES('5106005939', 3, 'Kop·nkov· ulica', 'Duöan', 'Pup·k');
INSERT INTO osoba(rod_cislo, id_mesta, ulica, meno, priezvisko) VALUES('7708395941', 6, 'Andreja Kubinu', 'Jaroslav', 'J·noöka');
INSERT INTO osoba(rod_cislo, id_mesta, ulica, meno, priezvisko) VALUES('1062361823', 20, 'Koll·rova', 'Vanda', 'Tat·rov·');
INSERT INTO osoba(rod_cislo, id_mesta, ulica, meno, priezvisko) VALUES('1602351932', 21, 'Lomonosovova', 'Jakub', 'Dej');
INSERT INTO osoba(rod_cislo, id_mesta, ulica, meno, priezvisko) VALUES('9609253638', 3, 'Slovansk·', 'RenÈ', 'Sekera');
INSERT INTO osoba(rod_cislo, id_mesta, ulica, meno, priezvisko) VALUES('1909146664', 18, 'Divadeln·', 'Eduard', 'Ho¯ava');
INSERT INTO osoba(rod_cislo, id_mesta, ulica, meno, priezvisko) VALUES('3404088549', 3, 'T‡nit· uliËka', 'VÌt', 'DaÚko');
INSERT INTO osoba(rod_cislo, id_mesta, ulica, meno, priezvisko) VALUES('1302171399', 23, 'VanËurova', 'Michal', 'TomeËka');
INSERT INTO osoba(rod_cislo, id_mesta, ulica, meno, priezvisko) VALUES('9006112016', 7, 'Oreöianska ulica', 'JaromÌr', 'Bakicova');
INSERT INTO osoba(rod_cislo, id_mesta, ulica, meno, priezvisko) VALUES('6656107007', 2, 'Poæn·', 'Gabriela', 'Jurov·');
INSERT INTO osoba(rod_cislo, id_mesta, ulica, meno, priezvisko) VALUES('8258001314', 5, 'DolnÈ baöty', 'Jana', 'Bellaticzov·');
INSERT INTO osoba(rod_cislo, id_mesta, ulica, meno, priezvisko) VALUES('1002388955', 1, 'Frantiöka VeselovskÈho', 'Gust·v', 'Bartosch');
INSERT INTO osoba(rod_cislo, id_mesta, ulica, meno, priezvisko) VALUES('7357037837', 17, 'JabloÚov· ulica', 'L˝dia', 'Danekov·');
INSERT INTO osoba(rod_cislo, id_mesta, ulica, meno, priezvisko) VALUES('6462370402', 23, 'JesenskÈho', 'Aneûka', 'PichlÌkov·');
INSERT INTO osoba(rod_cislo, id_mesta, ulica, meno, priezvisko) VALUES('9410264832', 18, 'Belgick· ulica', 'Martin', 'Strnisko');
INSERT INTO osoba(rod_cislo, id_mesta, ulica, meno, priezvisko) VALUES('3152036794', 10, 'Invalidsk·', 'EleonÛra', 'Straov·');
INSERT INTO osoba(rod_cislo, id_mesta, ulica, meno, priezvisko) VALUES('5709093167', 23, 'JabloÚov· ulica', 'Miroslav', 'Stodola');
INSERT INTO osoba(rod_cislo, id_mesta, ulica, meno, priezvisko) VALUES('0606369841', 21, '»ajkovskÈho', 'Dobroslav', 'Labuda');
INSERT INTO osoba(rod_cislo, id_mesta, ulica, meno, priezvisko) VALUES('0201111188', 15, 'sv. Cyrila a Metoda', 'BeÚadik', 'BenˆHr');
INSERT INTO osoba(rod_cislo, id_mesta, ulica, meno, priezvisko) VALUES('4010256226', 3, 'Tich· ulica Modranka', 'Dobroslav', 'Bausackl');
INSERT INTO osoba(rod_cislo, id_mesta, ulica, meno, priezvisko) VALUES('6358368103', 11, 'DiaæniËn·', 'Am·lia', 'Zatopekov·');
INSERT INTO osoba(rod_cislo, id_mesta, ulica, meno, priezvisko) VALUES('7759340176', 9, 'Severn·', 'Adela', 'Dudekov·');
INSERT INTO osoba(rod_cislo, id_mesta, ulica, meno, priezvisko) VALUES('4761097591', 16, 'Nez·budkov·', 'Jolana', 'Sedliakov·');
INSERT INTO osoba(rod_cislo, id_mesta, ulica, meno, priezvisko) VALUES('3157292072', 9, 'Okruûn· ulica', 'Lujza', 'DanÏkov·');
INSERT INTO osoba(rod_cislo, id_mesta, ulica, meno, priezvisko) VALUES('6111027008', 20, 'Juraja F·ndlyho', 'Arnold', 'Buncak');
INSERT INTO osoba(rod_cislo, id_mesta, ulica, meno, priezvisko) VALUES('8010024941', 22, 'Maximili·na Hella', 'J˙lius', 'Barics');
INSERT INTO osoba(rod_cislo, id_mesta, ulica, meno, priezvisko) VALUES('3506273258', 13, 'KukuËÌnova', 'ºuboslav', 'Samson');
INSERT INTO osoba(rod_cislo, id_mesta, ulica, meno, priezvisko) VALUES('6206231514', 22, 'MesaËn·', 'Viktor', 'Proch·zka');
INSERT INTO osoba(rod_cislo, id_mesta, ulica, meno, priezvisko) VALUES('5856320008', 20, 'Vodn·', 'Gabriela', 'Hruöovs·');
INSERT INTO osoba(rod_cislo, id_mesta, ulica, meno, priezvisko) VALUES('0212219488', 22, 'Osvaldova', 'Emanuel', 'Prochazka');
INSERT INTO osoba(rod_cislo, id_mesta, ulica, meno, priezvisko) VALUES('2957187805', 2, 'P·sov· ulica', 'EleonÛra', 'Mihalikov·');
INSERT INTO osoba(rod_cislo, id_mesta, ulica, meno, priezvisko) VALUES('9903247583', 2, 'Michalsk·', 'Albert', 'Jurka');
INSERT INTO osoba(rod_cislo, id_mesta, ulica, meno, priezvisko) VALUES('1301110918', 25, 'V˝chodn· ulica', 'BeÚadik', 'Sekera');
INSERT INTO osoba(rod_cislo, id_mesta, ulica, meno, priezvisko) VALUES('2453296693', 16, 'Streleck·', 'ValÈria', 'Bilcikov·');
INSERT INTO osoba(rod_cislo, id_mesta, ulica, meno, priezvisko) VALUES('1601009304', 8, 'G·bora Steinera', 'Albert', 'Burda');
INSERT INTO osoba(rod_cislo, id_mesta, ulica, meno, priezvisko) VALUES('3660375304', 12, 'MesaËn·', 'Nikola', 'Jedæovs·');
INSERT INTO osoba(rod_cislo, id_mesta, ulica, meno, priezvisko) VALUES('3203194230', 16, 'RadlinskÈho', 'Kriötof', 'SzabÛ');
INSERT INTO osoba(rod_cislo, id_mesta, ulica, meno, priezvisko) VALUES('4801393096', 14, 'Radarov·', 'Alfonz', 'Laco');
INSERT INTO osoba(rod_cislo, id_mesta, ulica, meno, priezvisko) VALUES('0610160357', 16, 'ätrky', 'ätefan', 'MenyhÈrt');
INSERT INTO osoba(rod_cislo, id_mesta, ulica, meno, priezvisko) VALUES('9855106396', 22, 'MikovÌniho', 'Dagmara', 'Haböuov·');
INSERT INTO osoba(rod_cislo, id_mesta, ulica, meno, priezvisko) VALUES('9012118337', 7, 'Tich. Milkina', 'Pankr·c', 'JurËina');
INSERT INTO osoba(rod_cislo, id_mesta, ulica, meno, priezvisko) VALUES('7654161376', 12, 'Staroh·jska ulica', 'éaneta', 'Masarykov·');
INSERT INTO osoba(rod_cislo, id_mesta, ulica, meno, priezvisko) VALUES('4558222050', 11, 'Karola JeûÌka', 'Kvetoslava', 'Pleöivecov·');
INSERT INTO osoba(rod_cislo, id_mesta, ulica, meno, priezvisko) VALUES('7208273672', 2, 'V jame', 'Emanuel', 'Danko');
INSERT INTO osoba(rod_cislo, id_mesta, ulica, meno, priezvisko) VALUES('9555231761', 7, 'ätefana Moyzesa', 'Vilma', 'Bukovinyiov·');
INSERT INTO osoba(rod_cislo, id_mesta, ulica, meno, priezvisko) VALUES('7959293696', 5, 'Vajslova ulica', 'Ida, Liana', 'Benghov·');
INSERT INTO osoba(rod_cislo, id_mesta, ulica, meno, priezvisko) VALUES('8459375007', 6, 'Hodûova', 'Angela', 'Baduov·');
INSERT INTO osoba(rod_cislo, id_mesta, ulica, meno, priezvisko) VALUES('2102003437', 15, 'DolnopotoËn·', 'DrahomÌr', 'Pauk');
INSERT INTO osoba(rod_cislo, id_mesta, ulica, meno, priezvisko) VALUES('4007093337', 22, 'Ludvika van Beethovena', 'Jakub', 'Budovsky');
INSERT INTO osoba(rod_cislo, id_mesta, ulica, meno, priezvisko) VALUES('9056343808', 19, 'Leteck·', 'Alojzia', 'Beutlerov·');
INSERT INTO osoba(rod_cislo, id_mesta, ulica, meno, priezvisko) VALUES('9202309557', 25, 'Limbov·', 'Gust·v', 'Benkovics');
INSERT INTO osoba(rod_cislo, id_mesta, ulica, meno, priezvisko) VALUES('6202275280', 2, 'Seredsk·', 'Karol', 'JantoöoviË');
INSERT INTO osoba(rod_cislo, id_mesta, ulica, meno, priezvisko) VALUES('1004123940', 14, 'BuËianska', 'Belo', 'Belicza');
INSERT INTO osoba(rod_cislo, id_mesta, ulica, meno, priezvisko) VALUES('9601276053', 13, 'StaniËn·', 'Miloö', 'MedveÔ');
INSERT INTO osoba(rod_cislo, id_mesta, ulica, meno, priezvisko) VALUES('7312250045', 24, 'AlfrÈda Wetzlera', 'Dion˝z', 'Michalek');
INSERT INTO osoba(rod_cislo, id_mesta, ulica, meno, priezvisko) VALUES('5557084084', 2, 'Javorov·', 'Viera', 'Kliûanov·');
INSERT INTO osoba(rod_cislo, id_mesta, ulica, meno, priezvisko) VALUES('2858262756', 25, 'Traùov· ulica', 'Ruûena', 'Bord·csov·');
INSERT INTO osoba(rod_cislo, id_mesta, ulica, meno, priezvisko) VALUES('0356398461', 13, 'Kvetn·', 'Adam, Eva', 'Rozenbergov·');
INSERT INTO osoba(rod_cislo, id_mesta, ulica, meno, priezvisko) VALUES('2256155877', 22, 'RoænÌcka ulica', 'Miloslava', 'KlokoËov·');
INSERT INTO osoba(rod_cislo, id_mesta, ulica, meno, priezvisko) VALUES('5860359269', 20, 'VladimÌra Roya', 'Jaroslava', 'DusÌkov·');
INSERT INTO osoba(rod_cislo, id_mesta, ulica, meno, priezvisko) VALUES('9409297339', 25, 'Skladov·', 'Emil', 'Solan');
INSERT INTO osoba(rod_cislo, id_mesta, ulica, meno, priezvisko) VALUES('9609072173', 18, 'RoænÌcka ulica', 'Oldrich', 'Dudik');
INSERT INTO osoba(rod_cislo, id_mesta, ulica, meno, priezvisko) VALUES('3212024124', 15, 'M˝tna', 'Ctibor', 'DanÏk');
INSERT INTO osoba(rod_cislo, id_mesta, ulica, meno, priezvisko) VALUES('4758173988', 22, 'Bosniacka', 'Henrieta', 'Boszvigov·');
INSERT INTO osoba(rod_cislo, id_mesta, ulica, meno, priezvisko) VALUES('9111015135', 12, 'J˙liusa G·briöa', 'Pravoslav', 'Banczik');
INSERT INTO osoba(rod_cislo, id_mesta, ulica, meno, priezvisko) VALUES('2451169987', 5, 'E.M.äoltÈsovej', 'DrahomÌra', 'Behmov·');
INSERT INTO osoba(rod_cislo, id_mesta, ulica, meno, priezvisko) VALUES('0802378671', 7, 'J·na HajdÛczyho', 'Bohumil', 'Bednarics');
INSERT INTO osoba(rod_cislo, id_mesta, ulica, meno, priezvisko) VALUES('4909101384', 25, 'Prechodn· ulica', 'JarolÌm', 'Michalech');
INSERT INTO osoba(rod_cislo, id_mesta, ulica, meno, priezvisko) VALUES('6604009833', 15, 'Maximili·na Hella', 'Oto', 'Mas·rik');
INSERT INTO osoba(rod_cislo, id_mesta, ulica, meno, priezvisko) VALUES('1659113017', 24, 'ZvonËekov·', 'VladimÌra', 'Riov·');
INSERT INTO osoba(rod_cislo, id_mesta, ulica, meno, priezvisko) VALUES('0001013935', 18, 'Andreja Kmeùa', 'Radovan', 'Janoöka');
INSERT INTO osoba(rod_cislo, id_mesta, ulica, meno, priezvisko) VALUES('9605271600', 11, 'Divadeln·', 'Koloman', 'JankÛ');
INSERT INTO osoba(rod_cislo, id_mesta, ulica, meno, priezvisko) VALUES('0958246710', 6, 'Johna Dopyeru', 'Drahoslava', 'StefanoviËov·');
INSERT INTO osoba(rod_cislo, id_mesta, ulica, meno, priezvisko) VALUES('6452076349', 9, 'Krajn·', 'Alica', 'KenÌûov·');
INSERT INTO osoba(rod_cislo, id_mesta, ulica, meno, priezvisko) VALUES('5012116584', 4, 'B. S. Timravy', 'Bartolomej', 'Paöko');
INSERT INTO osoba(rod_cislo, id_mesta, ulica, meno, priezvisko) VALUES('8856275183', 5, 'Vodn·', 'Milena', 'Lipt·kov·');
INSERT INTO osoba(rod_cislo, id_mesta, ulica, meno, priezvisko) VALUES('8860073035', 2, 'V jame', 'ätef·nia', 'Puök·rov·');
INSERT INTO osoba(rod_cislo, id_mesta, ulica, meno, priezvisko) VALUES('9652213444', 8, 'äaf·rikova', 'Jarmila', 'Karulov·');
INSERT INTO osoba(rod_cislo, id_mesta, ulica, meno, priezvisko) VALUES('6808396738', 9, 'Poötov· ulica', 'Vlastimil', 'H·la');
INSERT INTO osoba(rod_cislo, id_mesta, ulica, meno, priezvisko) VALUES('0154161642', 24, 'N·mestie Slov.uËenÈho tovariöstva', 'Stela', 'Maliov·');
INSERT INTO osoba(rod_cislo, id_mesta, ulica, meno, priezvisko) VALUES('1704150473', 22, 'ZeleneËsk· ulica', 'Denis', 'DoËolomansk˝');
INSERT INTO osoba(rod_cislo, id_mesta, ulica, meno, priezvisko) VALUES('6706392070', 21, 'Bed¯icha Smetanu', 'Zdenko', 'Brechtl');
INSERT INTO osoba(rod_cislo, id_mesta, ulica, meno, priezvisko) VALUES('7404223202', 4, 'Botanick·', 'Cyril', 'Tomko');
INSERT INTO osoba(rod_cislo, id_mesta, ulica, meno, priezvisko) VALUES('1303079827', 12, 'RobotnÌcka', 'Ladislav', 'Bjelko');
INSERT INTO osoba(rod_cislo, id_mesta, ulica, meno, priezvisko) VALUES('0007018902', 13, 'TamaökoviËova', 'Radovan', 'Brychta');
INSERT INTO osoba(rod_cislo, id_mesta, ulica, meno, priezvisko) VALUES('0259059787', 24, 'KoËiöskÈ', 'Zdenka', 'Farkasov·');
INSERT INTO osoba(rod_cislo, id_mesta, ulica, meno, priezvisko) VALUES('5355170525', 16, 'Nobelova', 'Libuöa', 'MeËÌ¯ov·');
INSERT INTO osoba(rod_cislo, id_mesta, ulica, meno, priezvisko) VALUES('4504346790', 7, 'SladovnÌcka', 'J·n', 'J·ni');
INSERT INTO osoba(rod_cislo, id_mesta, ulica, meno, priezvisko) VALUES('9962350993', 12, 'V jame', 'Linda', 'Richardov·');
INSERT INTO osoba(rod_cislo, id_mesta, ulica, meno, priezvisko) VALUES('9602389895', 11, 'Francisciho', 'VÌùazoslav', 'Brtko');
INSERT INTO osoba(rod_cislo, id_mesta, ulica, meno, priezvisko) VALUES('9211153271', 24, 'JabloÚov· ulica', 'Alfonz', 'Bankratz');
INSERT INTO osoba(rod_cislo, id_mesta, ulica, meno, priezvisko) VALUES('8258223253', 23, 'Vesel·', 'EmÌlia', 'Z·topekov·');
INSERT INTO osoba(rod_cislo, id_mesta, ulica, meno, priezvisko) VALUES('5457098060', 12, 'Kr·tka ulica', 'Hilda', 'Riöov·');
INSERT INTO osoba(rod_cislo, id_mesta, ulica, meno, priezvisko) VALUES('1809122756', 3, 'D˙hov· ulica', 'Martin', 'Beutler');
INSERT INTO osoba(rod_cislo, id_mesta, ulica, meno, priezvisko) VALUES('7701142840', 2, 'Hlbok·', 'Juraj', 'Berringer');
INSERT INTO osoba(rod_cislo, id_mesta, ulica, meno, priezvisko) VALUES('2502362905', 4, 'Pek·rska', 'ValentÌn', 'Koll·r');
INSERT INTO osoba(rod_cislo, id_mesta, ulica, meno, priezvisko) VALUES('8508032840', 12, 'äaf·rikova', 'J˙lius', 'JerkoviË');
INSERT INTO osoba(rod_cislo, id_mesta, ulica, meno, priezvisko) VALUES('1907253635', 21, 'VajanskÈho', 'JarolÌm', 'Burns');
INSERT INTO osoba(rod_cislo, id_mesta, ulica, meno, priezvisko) VALUES('8304004395', 21, 'RajËursk· ulica', 'JarolÌm', 'Rak');
INSERT INTO osoba(rod_cislo, id_mesta, ulica, meno, priezvisko) VALUES('9859360595', 6, 'Dohn·nyho', 'Nora', 'MeËiarov·');
INSERT INTO osoba(rod_cislo, id_mesta, ulica, meno, priezvisko) VALUES('0412077475', 9, 'Strm· ulica', 'Rastislav', 'Fico');
INSERT INTO osoba(rod_cislo, id_mesta, ulica, meno, priezvisko) VALUES('6554191862', 16, 'Juraja F·ndlyho', 'Jana', 'J·noöov·');
INSERT INTO osoba(rod_cislo, id_mesta, ulica, meno, priezvisko) VALUES('4758030644', 14, 'Olympijsk· ulica', 'VladimÌra', 'Buchleutnerov·');
INSERT INTO osoba(rod_cislo, id_mesta, ulica, meno, priezvisko) VALUES('9903255580', 4, 'ätudentsk·', 'TichomÌr', 'Zatopek');
INSERT INTO osoba(rod_cislo, id_mesta, ulica, meno, priezvisko) VALUES('1754392700', 6, 'Skladov·', 'éaneta', 'Bivinov·');
INSERT INTO osoba(rod_cislo, id_mesta, ulica, meno, priezvisko) VALUES('1157202025', 2, 'Jasn·', 'Frantiöka', 'Danov·');
INSERT INTO osoba(rod_cislo, id_mesta, ulica, meno, priezvisko) VALUES('6255059549', 22, 'Osk·ra »epana', 'Hilda', 'Plavucov·');
INSERT INTO osoba(rod_cislo, id_mesta, ulica, meno, priezvisko) VALUES('5861234473', 16, 'Such·', 'Diana', 'Mich·likov·');
INSERT INTO osoba(rod_cislo, id_mesta, ulica, meno, priezvisko) VALUES('3209045309', 13, 'AtÛmov·', 'Ondrej', 'Janka');
INSERT INTO osoba(rod_cislo, id_mesta, ulica, meno, priezvisko) VALUES('6656036131', 18, 'Rudolfa Dilonga', 'Gizela', 'Hlav·Ëekov·');
INSERT INTO osoba(rod_cislo, id_mesta, ulica, meno, priezvisko) VALUES('0153143644', 19, 'Strm· ulica', 'Ren·ta', 'Prohasov·');
INSERT INTO osoba(rod_cislo, id_mesta, ulica, meno, priezvisko) VALUES('8311207847', 10, 'Z·padn·', 'Leopold', 'Balladies');
INSERT INTO osoba(rod_cislo, id_mesta, ulica, meno, priezvisko) VALUES('1554110349', 10, 'Pieöùansk·', 'Gertr˙da', 'Bˆhmov·');
INSERT INTO osoba(rod_cislo, id_mesta, ulica, meno, priezvisko) VALUES('4806387151', 2, 'Dohn·nyho', 'Blaûej', 'Tomaöko');
INSERT INTO osoba(rod_cislo, id_mesta, ulica, meno, priezvisko) VALUES('8603361688', 21, 'J·na HajdÛczyho', 'Ivan', 'Behm');
INSERT INTO osoba(rod_cislo, id_mesta, ulica, meno, priezvisko) VALUES('5210088520', 17, 'Tulip·nov· ulica', 'Radovan', 'Dibarbora');
INSERT INTO osoba(rod_cislo, id_mesta, ulica, meno, priezvisko) VALUES('8162269280', 24, 'HornopotoËn·', 'Gizela', 'Petrovic·');
INSERT INTO osoba(rod_cislo, id_mesta, ulica, meno, priezvisko) VALUES('9508179300', 15, 'Rovn· ulica', 'Edmund', 'St¸mpel');
INSERT INTO osoba(rod_cislo, id_mesta, ulica, meno, priezvisko) VALUES('1511247516', 7, 'Salezi·nska ulica', 'ValÈr', 'Brkovics');
INSERT INTO osoba(rod_cislo, id_mesta, ulica, meno, priezvisko) VALUES('9961387997', 1, 'Hospod·rska', 'Lujza', 'Zubekov·');
INSERT INTO osoba(rod_cislo, id_mesta, ulica, meno, priezvisko) VALUES('1203187746', 22, 'Tibora Kruûliaka', 'VÌt', 'Janoö');
INSERT INTO osoba(rod_cislo, id_mesta, ulica, meno, priezvisko) VALUES('7956187830', 13, 'Astrov·', 'Hilda', 'Dubovs·');
INSERT INTO osoba(rod_cislo, id_mesta, ulica, meno, priezvisko) VALUES('0958041815', 4, 'RobotnÌcka', 'M·ria', 'Janekov·');
INSERT INTO osoba(rod_cislo, id_mesta, ulica, meno, priezvisko) VALUES('8861201122', 4, 'BuËianska', 'KornÈlia', 'MalÌöekov·');
INSERT INTO osoba(rod_cislo, id_mesta, ulica, meno, priezvisko) VALUES('5012189021', 20, 'PaulÌnska', 'Marcel', 'Benjam');
INSERT INTO osoba(rod_cislo, id_mesta, ulica, meno, priezvisko) VALUES('3055294933', 25, 'Javorov·', 'Svetlana', 'TurËokov·');
INSERT INTO osoba(rod_cislo, id_mesta, ulica, meno, priezvisko) VALUES('8961047862', 4, 'ºaliov·', 'HermÌna', 'Bestanovicsov·');
INSERT INTO osoba(rod_cislo, id_mesta, ulica, meno, priezvisko) VALUES('5652245083', 5, 'RadlinskÈho', 'Blaûena', 'Feldekov·');
INSERT INTO osoba(rod_cislo, id_mesta, ulica, meno, priezvisko) VALUES('7257318643', 25, 'KonötantÌna »ulena', 'EugÈnia', 'Puök·öov·');
INSERT INTO osoba(rod_cislo, id_mesta, ulica, meno, priezvisko) VALUES('4162390840', 5, 'Bratislavsk· ulica', 'ViktÛria', 'TomeËov·');
INSERT INTO osoba(rod_cislo, id_mesta, ulica, meno, priezvisko) VALUES('5307071343', 21, 'Samuela JurkoviËa', 'Denis', 'Menhart');
INSERT INTO osoba(rod_cislo, id_mesta, ulica, meno, priezvisko) VALUES('3506006075', 3, 'Osk·ra »epana', 'Martin', 'Bal·Zik');
INSERT INTO osoba(rod_cislo, id_mesta, ulica, meno, priezvisko) VALUES('9652226214', 10, 'Juraja F·ndlyho', 'SlavomÌra', 'B¸Chschaftnerov·');
INSERT INTO osoba(rod_cislo, id_mesta, ulica, meno, priezvisko) VALUES('4553345538', 22, 'RajËursk· ulica', 'Boûidara', 'Repis·');
INSERT INTO osoba(rod_cislo, id_mesta, ulica, meno, priezvisko) VALUES('6854137581', 24, 'éitn·', 'Libuöa', 'Les·');
INSERT INTO osoba(rod_cislo, id_mesta, ulica, meno, priezvisko) VALUES('4557096746', 14, 'ätefana FidlÌka', 'ValÈria', 'Riöov·');
INSERT INTO osoba(rod_cislo, id_mesta, ulica, meno, priezvisko) VALUES('1409108892', 25, 'Far·rske', 'Jaroslav', 'Bˆsor');
INSERT INTO osoba(rod_cislo, id_mesta, ulica, meno, priezvisko) VALUES('6305377105', 16, 'AtÛmov·', 'Vincent', 'Buchemer');
INSERT INTO osoba(rod_cislo, id_mesta, ulica, meno, priezvisko) VALUES('2807276939', 17, 'ätefana C.Parr·ka', 'Blaûej', 'Brachtl');
INSERT INTO osoba(rod_cislo, id_mesta, ulica, meno, priezvisko) VALUES('9805323602', 5, 'éitn·', 'Alojz', 'Paöko');
INSERT INTO osoba(rod_cislo, id_mesta, ulica, meno, priezvisko) VALUES('1757016386', 16, 'TamaökoviËova', 'Hortenzia', 'Lacov·');
INSERT INTO osoba(rod_cislo, id_mesta, ulica, meno, priezvisko) VALUES('6702022773', 2, 'N·mestie sv. Mikul·öa', 'Vlastimil', 'Braunschmid');
INSERT INTO osoba(rod_cislo, id_mesta, ulica, meno, priezvisko) VALUES('4107303458', 9, 'Cukrov· ulica', 'Vratislav', 'Michalko');
INSERT INTO osoba(rod_cislo, id_mesta, ulica, meno, priezvisko) VALUES('7504211777', 18, 'Ag·tov· ulica', 'Emanuel', 'Poliak');
INSERT INTO osoba(rod_cislo, id_mesta, ulica, meno, priezvisko) VALUES('1553150522', 19, 'ºaliov·', 'Izabela', 'Benkov·');
INSERT INTO osoba(rod_cislo, id_mesta, ulica, meno, priezvisko) VALUES('3451191822', 4, 'Bed¯icha Smetanu', 'Angela', 'Hud·Ëekov·');
INSERT INTO osoba(rod_cislo, id_mesta, ulica, meno, priezvisko) VALUES('6256025482', 23, 'DolnopotoËn·', 'Dagmara', 'MelicherËÌkov·');
INSERT INTO osoba(rod_cislo, id_mesta, ulica, meno, priezvisko) VALUES('1560065684', 10, 'Ivana Krasku', 'EugÈnia', 'Sloov·');
INSERT INTO osoba(rod_cislo, id_mesta, ulica, meno, priezvisko) VALUES('0707310112', 12, 'Salezi·nska ulica', 'Drahoslav', 'J·nek');
INSERT INTO osoba(rod_cislo, id_mesta, ulica, meno, priezvisko) VALUES('7853327937', 5, 'ät˙rova', 'Darina', 'Bauberterov·');
INSERT INTO osoba(rod_cislo, id_mesta, ulica, meno, priezvisko) VALUES('0309059248', 22, 'Loveck·', 'Mari·n', 'Huba');
INSERT INTO osoba(rod_cislo, id_mesta, ulica, meno, priezvisko) VALUES('2361061632', 14, 'Kamenn· cesta', 'OlÌvia', 'Skl·¯ov·');
INSERT INTO osoba(rod_cislo, id_mesta, ulica, meno, priezvisko) VALUES('6604303865', 9, 'Slovensk· ulica', 'Richard', 'Jirka');
INSERT INTO osoba(rod_cislo, id_mesta, ulica, meno, priezvisko) VALUES('1851226770', 19, 'Chovateæsk·', 'Jolana', 'Barnerov·');
INSERT INTO osoba(rod_cislo, id_mesta, ulica, meno, priezvisko) VALUES('0906134925', 6, 'E.M.äoltÈsovej', 'BeÚadik', 'Tom·öik');
INSERT INTO osoba(rod_cislo, id_mesta, ulica, meno, priezvisko) VALUES('0804122339', 24, 'Koz·cka', 'Mikul·ö', 'Dostal');
INSERT INTO osoba(rod_cislo, id_mesta, ulica, meno, priezvisko) VALUES('4011309055', 20, 'Koz·cka', 'Boris', 'Burg');
INSERT INTO osoba(rod_cislo, id_mesta, ulica, meno, priezvisko) VALUES('0609084659', 19, 'ätrky', 'Vladislav', 'Heretik');
INSERT INTO osoba(rod_cislo, id_mesta, ulica, meno, priezvisko) VALUES('4751284003', 8, 'Koll·rova', 'Barbora', 'SkleniËov·');
INSERT INTO osoba(rod_cislo, id_mesta, ulica, meno, priezvisko) VALUES('4058008645', 2, 'Michalsk·', 'Milica', 'Szekeresov·');
INSERT INTO osoba(rod_cislo, id_mesta, ulica, meno, priezvisko) VALUES('8255009879', 10, 'HornopotoËn·', 'Stanislava', 'Janov·');
INSERT INTO osoba(rod_cislo, id_mesta, ulica, meno, priezvisko) VALUES('4955182279', 10, 'Zelen·', 'Perla', 'JanÌkov·');
INSERT INTO osoba(rod_cislo, id_mesta, ulica, meno, priezvisko) VALUES('0202051355', 4, 'Kapitulsk·', 'Viktor', 'Tatar');
INSERT INTO osoba(rod_cislo, id_mesta, ulica, meno, priezvisko) VALUES('8606334333', 14, '»ereöÚov· ulica', 'Oto', 'Berg');
INSERT INTO osoba(rod_cislo, id_mesta, ulica, meno, priezvisko) VALUES('3311318608', 17, 'KonötantÌna »ulena', 'Dobroslav', 'Puöka');
INSERT INTO osoba(rod_cislo, id_mesta, ulica, meno, priezvisko) VALUES('8952177006', 17, 'Ostravsk·', 'Alica', 'Brov·');
INSERT INTO osoba(rod_cislo, id_mesta, ulica, meno, priezvisko) VALUES('3709290743', 9, 'Koceæova ulica', 'Radoslav', 'Tom·öek');
INSERT INTO osoba(rod_cislo, id_mesta, ulica, meno, priezvisko) VALUES('1558210729', 11, 'KoËiöskÈ', 'Martina', 'Proh·sov·');
INSERT INTO osoba(rod_cislo, id_mesta, ulica, meno, priezvisko) VALUES('8302060119', 23, 'äkolsk·', 'Pravoslav', 'Beck');
INSERT INTO osoba(rod_cislo, id_mesta, ulica, meno, priezvisko) VALUES('7552111986', 23, 'Vajslova ulica', 'Ivica', 'Paöov·');
INSERT INTO osoba(rod_cislo, id_mesta, ulica, meno, priezvisko) VALUES('4006255202', 21, 'VladimÌra Clementisa', 'Izidor', 'Juroöka');
INSERT INTO osoba(rod_cislo, id_mesta, ulica, meno, priezvisko) VALUES('8462263768', 20, 'MikovÌniho', 'Regina', 'Barnerov·');
INSERT INTO osoba(rod_cislo, id_mesta, ulica, meno, priezvisko) VALUES('1362152279', 13, 'Strm· ulica', 'Branislava', 'Sklen·rov·');
INSERT INTO osoba(rod_cislo, id_mesta, ulica, meno, priezvisko) VALUES('2002212463', 3, 'Tom·öikova', 'Denis', 'Baumart');
INSERT INTO osoba(rod_cislo, id_mesta, ulica, meno, priezvisko) VALUES('7808108545', 17, 'ätrky', 'Oleg', 'J·noö');
INSERT INTO osoba(rod_cislo, id_mesta, ulica, meno, priezvisko) VALUES('1061393930', 19, 'Mal·', 'Eliöka', 'TÛthov·');
INSERT INTO osoba(rod_cislo, id_mesta, ulica, meno, priezvisko) VALUES('8762184615', 14, 'Zlievarensk· ulica', 'Anna', 'J·noöov·');
INSERT INTO osoba(rod_cislo, id_mesta, ulica, meno, priezvisko) VALUES('4354043569', 22, 'Tom·öikova', 'Berta', 'Bartosov·');
INSERT INTO osoba(rod_cislo, id_mesta, ulica, meno, priezvisko) VALUES('8809314443', 1, 'Pavla Hlbinu', 'Gust·v', 'Tom·öek');
INSERT INTO osoba(rod_cislo, id_mesta, ulica, meno, priezvisko) VALUES('4454184953', 13, 'Loveck·', 'Zita', 'JantoöoviËov·');
INSERT INTO osoba(rod_cislo, id_mesta, ulica, meno, priezvisko) VALUES('7909290192', 19, 'Nerudova', 'Jerguö', 'Dano');
INSERT INTO osoba(rod_cislo, id_mesta, ulica, meno, priezvisko) VALUES('2705169133', 21, 'Skladov·', 'Vincent', 'Skuteck˝');
INSERT INTO osoba(rod_cislo, id_mesta, ulica, meno, priezvisko) VALUES('1058282918', 14, 'Kapitulsk·', 'MargarÈta', 'MedveÔov·');
INSERT INTO osoba(rod_cislo, id_mesta, ulica, meno, priezvisko) VALUES('2601382777', 21, 'Teheln·', 'VÌt', 'Budovsky');
INSERT INTO osoba(rod_cislo, id_mesta, ulica, meno, priezvisko) VALUES('2904209279', 21, 'Loveck·', 'Teodor', 'Hryc');
INSERT INTO osoba(rod_cislo, id_mesta, ulica, meno, priezvisko) VALUES('8211237494', 2, 'Stroj·rensk·', 'Adolf', 'Saliji');
INSERT INTO osoba(rod_cislo, id_mesta, ulica, meno, priezvisko) VALUES('0105090461', 15, 'Z·padn·', 'Arnold', 'Tomaöka');
INSERT INTO osoba(rod_cislo, id_mesta, ulica, meno, priezvisko) VALUES('3602018887', 23, 'Zelen˝ krÌËok', 'FÈlix', 'Zubko');
INSERT INTO osoba(rod_cislo, id_mesta, ulica, meno, priezvisko) VALUES('3501351192', 10, 'Okruûn· ulica', 'RenÈ', 'Melicher');
INSERT INTO osoba(rod_cislo, id_mesta, ulica, meno, priezvisko) VALUES('9901038663', 22, 'éitn·', 'Luk·ö', 'LajËiak');
INSERT INTO osoba(rod_cislo, id_mesta, ulica, meno, priezvisko) VALUES('7304177334', 2, 'Leoöa Jan·Ëka', 'Juraj', 'Buchˆcker');
INSERT INTO osoba(rod_cislo, id_mesta, ulica, meno, priezvisko) VALUES('6604017400', 13, 'Kornela Mahra', 'Filip', 'Senko');
INSERT INTO osoba(rod_cislo, id_mesta, ulica, meno, priezvisko) VALUES('6151231908', 15, 'Strm· ulica', 'Nataöa', 'Bedn·Rov·');
INSERT INTO osoba(rod_cislo, id_mesta, ulica, meno, priezvisko) VALUES('1305356624', 24, '»ajkovskÈho', 'Serv·c', 'Hraöko');
INSERT INTO osoba(rod_cislo, id_mesta, ulica, meno, priezvisko) VALUES('9060317327', 6, 'Teodora Tekela', 'Marta', 'Borkov·');
INSERT INTO osoba(rod_cislo, id_mesta, ulica, meno, priezvisko) VALUES('1157076592', 18, 'Bradlansk·', 'Nadeûda', 'Janoöov·');
INSERT INTO osoba(rod_cislo, id_mesta, ulica, meno, priezvisko) VALUES('2352090858', 23, 'Teheln·', 'ValentÌna', 'Barnerov·');
INSERT INTO osoba(rod_cislo, id_mesta, ulica, meno, priezvisko) VALUES('6708357657', 15, 'J·na HlubÌka', 'Miroslav', 'Bakicova');
INSERT INTO osoba(rod_cislo, id_mesta, ulica, meno, priezvisko) VALUES('0560092981', 14, 'Osadn·', 'Stanislava', 'TomeËov·');
INSERT INTO osoba(rod_cislo, id_mesta, ulica, meno, priezvisko) VALUES('6457237966', 15, 'Zelen˝ krÌËok', 'HermÌna', 'Bellaticzov·');
INSERT INTO osoba(rod_cislo, id_mesta, ulica, meno, priezvisko) VALUES('5259325786', 7, 'MesaËn·', 'Nora', 'Janov·');
INSERT INTO osoba(rod_cislo, id_mesta, ulica, meno, priezvisko) VALUES('9456278112', 22, 'Slovensk· ulica', 'Zlatica', 'B¸chlerov·');
INSERT INTO osoba(rod_cislo, id_mesta, ulica, meno, priezvisko) VALUES('8705162688', 25, 'Poötov· ulica', 'Denis', 'JenÌk');
INSERT INTO osoba(rod_cislo, id_mesta, ulica, meno, priezvisko) VALUES('2006109962', 9, 'TrstÌnska cesta', 'Daniel', 'Bartosova');
INSERT INTO osoba(rod_cislo, id_mesta, ulica, meno, priezvisko) VALUES('1861011179', 23, 'Botanick·', 'PaulÌna', 'Marcinov·');
INSERT INTO osoba(rod_cislo, id_mesta, ulica, meno, priezvisko) VALUES('0051048261', 21, 'Zelen˝ krÌËok', 'M·ria', 'Malachovs·');
INSERT INTO osoba(rod_cislo, id_mesta, ulica, meno, priezvisko) VALUES('2056020844', 14, 'Stromov· ulica', 'Aneûka', 'Polg·rov·');
INSERT INTO osoba(rod_cislo, id_mesta, ulica, meno, priezvisko) VALUES('9453259820', 10, 'Bed¯icha Smetanu', 'Nat·lia', 'Repis·');
INSERT INTO osoba(rod_cislo, id_mesta, ulica, meno, priezvisko) VALUES('1954370904', 21, 'KoËiöskÈ', 'Linda', 'J·niov·');
INSERT INTO osoba(rod_cislo, id_mesta, ulica, meno, priezvisko) VALUES('6002393624', 4, 'N·mestie Slov.uËenÈho tovariöstva', 'Timotej', 'Sadiki');
INSERT INTO osoba(rod_cislo, id_mesta, ulica, meno, priezvisko) VALUES('9201046269', 19, 'Kvetn·', 'Rad˙z', 'Hanzel');
INSERT INTO osoba(rod_cislo, id_mesta, ulica, meno, priezvisko) VALUES('9612271592', 9, 'Petzvalova', 'Milan', 'Zimka');
INSERT INTO osoba(rod_cislo, id_mesta, ulica, meno, priezvisko) VALUES('4106370720', 11, 'Stavebn·', 'Belo', 'Bukovinyi');
INSERT INTO osoba(rod_cislo, id_mesta, ulica, meno, priezvisko) VALUES('5261303023', 14, 'TrojiËnÈ n·mestie', 'Bibi·na', 'Rubikov·');
INSERT INTO osoba(rod_cislo, id_mesta, ulica, meno, priezvisko) VALUES('4257324728', 21, 'Automobilov· ulica', 'Alexandra', 'Bˆsorov·');
INSERT INTO osoba(rod_cislo, id_mesta, ulica, meno, priezvisko) VALUES('6055246750', 21, 'N·mestie Slov.uËenÈho tovariöstva', 'Veronika', 'Pavlikovs·');
INSERT INTO osoba(rod_cislo, id_mesta, ulica, meno, priezvisko) VALUES('7702027707', 14, 'äportov·', 'Ivan', 'Berringer');
INSERT INTO osoba(rod_cislo, id_mesta, ulica, meno, priezvisko) VALUES('9706198159', 9, 'N·mestie Jozefa Herdu', 'ValentÌn', 'Mamojka');
INSERT INTO osoba(rod_cislo, id_mesta, ulica, meno, priezvisko) VALUES('1401022772', 3, 'Stredn·', 'Imrich', 'Bodita');
INSERT INTO osoba(rod_cislo, id_mesta, ulica, meno, priezvisko) VALUES('7610231573', 4, 'T‡nit· uliËka', 'Bohuö', 'Timko');
INSERT INTO osoba(rod_cislo, id_mesta, ulica, meno, priezvisko) VALUES('3305149310', 1, 'Nov·', 'Dezider', 'Melzer');
INSERT INTO osoba(rod_cislo, id_mesta, ulica, meno, priezvisko) VALUES('9212102653', 17, 'äM Farsk˝ mlyn', 'Mikul·ö', 'Plavec');
INSERT INTO osoba(rod_cislo, id_mesta, ulica, meno, priezvisko) VALUES('0108396255', 21, 'Nerudova', 'Imrich', 'Pavka');
INSERT INTO osoba(rod_cislo, id_mesta, ulica, meno, priezvisko) VALUES('0959266390', 6, 'Karola JeûÌka', 'Stela', 'Baduov·');
INSERT INTO osoba(rod_cislo, id_mesta, ulica, meno, priezvisko) VALUES('0004121332', 14, 'Nev‰dzov·', 'Oto', 'Sidor');
INSERT INTO osoba(rod_cislo, id_mesta, ulica, meno, priezvisko) VALUES('4710038747', 13, 'Andreja Kubinu', 'DrahomÌr', 'Paöko');
INSERT INTO osoba(rod_cislo, id_mesta, ulica, meno, priezvisko) VALUES('5207139951', 17, 'Nez·budkov·', 'Zdenko', 'Kalisk˝');
INSERT INTO osoba(rod_cislo, id_mesta, ulica, meno, priezvisko) VALUES('5601253370', 1, 'Frantiöka VeselovskÈho', 'J·n', 'MeËiar');
INSERT INTO osoba(rod_cislo, id_mesta, ulica, meno, priezvisko) VALUES('2805314010', 23, 'Orolsk·', 'J·n', 'Riöko');
INSERT INTO osoba(rod_cislo, id_mesta, ulica, meno, priezvisko) VALUES('3910009273', 5, 'éitn·', 'Oldrich', 'Busch');
INSERT INTO osoba(rod_cislo, id_mesta, ulica, meno, priezvisko) VALUES('7362089745', 16, 'Leteck·', 'Hilda', 'Beladiczov·');
INSERT INTO osoba(rod_cislo, id_mesta, ulica, meno, priezvisko) VALUES('2003361068', 18, 'Matuökova', 'Ondrej', 'Labuda');
INSERT INTO osoba(rod_cislo, id_mesta, ulica, meno, priezvisko) VALUES('5711399095', 14, 'TamaökoviËova', 'RenÈ', 'Hargaö');
INSERT INTO osoba(rod_cislo, id_mesta, ulica, meno, priezvisko) VALUES('6206293308', 19, 'Hattalova', 'JarolÌm', 'Z·topek');
INSERT INTO osoba(rod_cislo, id_mesta, ulica, meno, priezvisko) VALUES('1051130853', 17, 'J·na Bottu', 'Dagmara', 'Pavlikovs·');
INSERT INTO osoba(rod_cislo, id_mesta, ulica, meno, priezvisko) VALUES('8612036805', 13, 'StaniËn·', 'Hubert', 'Droppa');
INSERT INTO osoba(rod_cislo, id_mesta, ulica, meno, priezvisko) VALUES('8759379118', 11, 'Juraja Slottu', 'Viera', 'LepöÌkov·');
INSERT INTO osoba(rod_cislo, id_mesta, ulica, meno, priezvisko) VALUES('0654185935', 9, 'Tatransk·', 'Hedviga', 'Skutec·');
INSERT INTO osoba(rod_cislo, id_mesta, ulica, meno, priezvisko) VALUES('6304003874', 7, 'Chovateæsk·', 'Imrich', 'Kello');
INSERT INTO osoba(rod_cislo, id_mesta, ulica, meno, priezvisko) VALUES('2105223974', 13, 'T‡nit· uliËka', 'VÌt', 'Melzer');
INSERT INTO osoba(rod_cislo, id_mesta, ulica, meno, priezvisko) VALUES('0806231350', 5, 'V˝chodn· ulica', 'Dion˝z', 'Mihalik');
INSERT INTO osoba(rod_cislo, id_mesta, ulica, meno, priezvisko) VALUES('6808137881', 2, 'Jir·skova', 'AugustÌn', 'J·no');
INSERT INTO osoba(rod_cislo, id_mesta, ulica, meno, priezvisko) VALUES('5702023661', 5, 'Vetern·', 'Vratislav', 'Pusk·s');
INSERT INTO osoba(rod_cislo, id_mesta, ulica, meno, priezvisko) VALUES('2355231526', 3, 'Krupsk· ulica', 'SlavomÌra', 'Pappov·');
INSERT INTO osoba(rod_cislo, id_mesta, ulica, meno, priezvisko) VALUES('5102178173', 5, 'Klempova', 'Demeter', 'Peöka');
INSERT INTO osoba(rod_cislo, id_mesta, ulica, meno, priezvisko) VALUES('1159051528', 1, 'RobotnÌcka', 'Berta', 'Hrycov·');
INSERT INTO osoba(rod_cislo, id_mesta, ulica, meno, priezvisko) VALUES('2104200878', 1, 'äkolsk·', 'Juraj', 'Mich·lek');
INSERT INTO osoba(rod_cislo, id_mesta, ulica, meno, priezvisko) VALUES('4510307255', 16, 'Ferka Urb·nka', 'Bohuö', 'MelicherËÌk');
INSERT INTO osoba(rod_cislo, id_mesta, ulica, meno, priezvisko) VALUES('6611337435', 21, 'Hviezdoslavova', 'Izidor', 'Bauer');
INSERT INTO osoba(rod_cislo, id_mesta, ulica, meno, priezvisko) VALUES('3758031265', 23, 'FraÚa Kr·æa', 'MargarÈta', 'D·nov·');
INSERT INTO osoba(rod_cislo, id_mesta, ulica, meno, priezvisko) VALUES('6959354230', 15, 'äÌpov· ulica', 'Margita', 'FilÌpekov·');
INSERT INTO osoba(rod_cislo, id_mesta, ulica, meno, priezvisko) VALUES('3304370834', 15, 'P·sov· ulica', 'Levoslav', 'Sameæ');
INSERT INTO osoba(rod_cislo, id_mesta, ulica, meno, priezvisko) VALUES('5459021103', 15, 'Daxnerova', 'Marta', 'J·nosov·');
INSERT INTO osoba(rod_cislo, id_mesta, ulica, meno, priezvisko) VALUES('4452382315', 22, 'Osadn·', 'Alojzia', 'Hoov·');
INSERT INTO osoba(rod_cislo, id_mesta, ulica, meno, priezvisko) VALUES('8008220580', 21, 'Star· ulica', 'Emanuel', 'Behunek');
INSERT INTO osoba(rod_cislo, id_mesta, ulica, meno, priezvisko) VALUES('4657012813', 18, 'Ag·tov· ulica', 'Bibi·na', 'Figuliov·');
INSERT INTO osoba(rod_cislo, id_mesta, ulica, meno, priezvisko) VALUES('8102209167', 6, 'D˙hov· ulica', 'Eduard', 'Baris');
INSERT INTO osoba(rod_cislo, id_mesta, ulica, meno, priezvisko) VALUES('4259330276', 4, 'Stavebn·', 'Miroslava', 'Bartoschov·');
INSERT INTO osoba(rod_cislo, id_mesta, ulica, meno, priezvisko) VALUES('1058225384', 9, 'Such·', 'Marcela', 'Baberov·');
INSERT INTO osoba(rod_cislo, id_mesta, ulica, meno, priezvisko) VALUES('1659249112', 1, 'N·mestie Slov.n·rod.povstania', 'Justina', 'Raöiov·');
INSERT INTO osoba(rod_cislo, id_mesta, ulica, meno, priezvisko) VALUES('7751264681', 25, 'Zelen·', 'TerÈzia', 'Sklen·¯ov·');
INSERT INTO osoba(rod_cislo, id_mesta, ulica, meno, priezvisko) VALUES('0212055882', 12, 'VladimÌra Clementisa', 'BeÚadik', 'Burdt');
INSERT INTO osoba(rod_cislo, id_mesta, ulica, meno, priezvisko) VALUES('7203067304', 25, 'äÌpov· ulica', 'Timotej', 'Balladies');
INSERT INTO osoba(rod_cislo, id_mesta, ulica, meno, priezvisko) VALUES('0151025902', 9, 'AtÛmov·', 'SidÛnia', 'Fajnorov·');
INSERT INTO osoba(rod_cislo, id_mesta, ulica, meno, priezvisko) VALUES('5207370783', 3, 'Maxima GorkÈho', 'Tom·ö', 'JurËa');
INSERT INTO osoba(rod_cislo, id_mesta, ulica, meno, priezvisko) VALUES('5110292635', 6, 'Williama Schiffera', 'Juraj', 'Brandtner');
INSERT INTO osoba(rod_cislo, id_mesta, ulica, meno, priezvisko) VALUES('2101147733', 3, 'N·mestie sv. Mikul·öa', 'Oleg', 'SlobodnÌk');
INSERT INTO osoba(rod_cislo, id_mesta, ulica, meno, priezvisko) VALUES('4959020502', 25, 'UniverzitnÈ n·mestie', 'Ida, Liana', 'B‰rhoferov·');
INSERT INTO osoba(rod_cislo, id_mesta, ulica, meno, priezvisko) VALUES('5751248689', 24, 'ätudentsk·', 'Ivica', 'Sloov·');
INSERT INTO osoba(rod_cislo, id_mesta, ulica, meno, priezvisko) VALUES('2902361879', 12, 'Stromov· ulica', 'Milan', 'Koles·r');
INSERT INTO osoba(rod_cislo, id_mesta, ulica, meno, priezvisko) VALUES('6406017633', 11, 'ätudentsk·', 'Daniel', 'Tatar');
INSERT INTO osoba(rod_cislo, id_mesta, ulica, meno, priezvisko) VALUES('1004046041', 3, 'RadlinskÈho', 'Tom·ö', 'TomeËek');
INSERT INTO osoba(rod_cislo, id_mesta, ulica, meno, priezvisko) VALUES('3803299768', 7, 'ätefana BaniËa', 'Svetoz·r', 'Kol·r');
INSERT INTO osoba(rod_cislo, id_mesta, ulica, meno, priezvisko) VALUES('3352165586', 23, 'Olivov·', 'Stanislava', 'Zacharov·');
INSERT INTO osoba(rod_cislo, id_mesta, ulica, meno, priezvisko) VALUES('9912301402', 2, 'ZvonËekov·', 'AmbrÛz', 'Samel');
INSERT INTO osoba(rod_cislo, id_mesta, ulica, meno, priezvisko) VALUES('6158374743', 9, 'Seredsk·', 'Ag·ta', 'Doböins·');
INSERT INTO osoba(rod_cislo, id_mesta, ulica, meno, priezvisko) VALUES('1254085621', 20, 'Malûenick· cesta', 'Regina', 'Zoubekov·');
INSERT INTO osoba(rod_cislo, id_mesta, ulica, meno, priezvisko) VALUES('8160110088', 12, 'V. PaulÌnyho TÛtha', 'Tatiana', 'Drajov·');
INSERT INTO osoba(rod_cislo, id_mesta, ulica, meno, priezvisko) VALUES('6905228107', 2, 'Orolsk·', 'Marek', 'Skl·r');
INSERT INTO osoba(rod_cislo, id_mesta, ulica, meno, priezvisko) VALUES('6009252983', 11, '»ereöÚov· ulica', 'Milan', 'Bˆrner');
INSERT INTO osoba(rod_cislo, id_mesta, ulica, meno, priezvisko) VALUES('9661085580', 25, 'Bosniacka', 'Eliöka', 'Skokanov·');
INSERT INTO osoba(rod_cislo, id_mesta, ulica, meno, priezvisko) VALUES('2905182285', 8, 'Kapitulsk·', 'Ernest', 'Dano');
INSERT INTO osoba(rod_cislo, id_mesta, ulica, meno, priezvisko) VALUES('7659271505', 7, 'Stredn·', 'Klaudia', 'Tat·rov·');
INSERT INTO osoba(rod_cislo, id_mesta, ulica, meno, priezvisko) VALUES('2957279368', 12, 'sv. Cyrila a Metoda', 'éofia', 'Dek˝öov·');
INSERT INTO osoba(rod_cislo, id_mesta, ulica, meno, priezvisko) VALUES('5802396865', 12, 'Bratislavsk· ulica', 'éigmund', 'Tuma');
INSERT INTO osoba(rod_cislo, id_mesta, ulica, meno, priezvisko) VALUES('9504171313', 16, 'Pri kalv·rii', 'Ign·c', 'Tom·öko');
INSERT INTO osoba(rod_cislo, id_mesta, ulica, meno, priezvisko) VALUES('0459294178', 9, 'E.M.äoltÈsovej', 'Monika', 'Sedliakov·');
INSERT INTO osoba(rod_cislo, id_mesta, ulica, meno, priezvisko) VALUES('7004057768', 11, 'äkolsk·', 'AlbÌn', 'Benjam');
INSERT INTO osoba(rod_cislo, id_mesta, ulica, meno, priezvisko) VALUES('1006388019', 22, 'Teheln·', 'Luk·ö', 'Michalech');
INSERT INTO osoba(rod_cislo, id_mesta, ulica, meno, priezvisko) VALUES('0001042035', 7, 'Seredsk·', 'ValÈr', 'Belicza');
INSERT INTO osoba(rod_cislo, id_mesta, ulica, meno, priezvisko) VALUES('3210150198', 19, 'Tibora Kruûliaka', 'ätefan', 'Litva');
INSERT INTO osoba(rod_cislo, id_mesta, ulica, meno, priezvisko) VALUES('2153056773', 7, 'Andreja Kubinu', 'CecÌlia', 'J·noöov·');
INSERT INTO osoba(rod_cislo, id_mesta, ulica, meno, priezvisko) VALUES('0805374952', 6, 'äM Dolina', 'Oleg', 'Pauliny');
INSERT INTO osoba(rod_cislo, id_mesta, ulica, meno, priezvisko) VALUES('8805332662', 25, 'Kamenn˝ mlyn', 'Serv·c', 'Boock');
INSERT INTO osoba(rod_cislo, id_mesta, ulica, meno, priezvisko) VALUES('1502350789', 15, 'P·sov· ulica', 'Martin', 'Balcz·r');
INSERT INTO osoba(rod_cislo, id_mesta, ulica, meno, priezvisko) VALUES('1855259618', 23, 'Prechodn· ulica', 'Brigita', 'DoËolomans·');
INSERT INTO osoba(rod_cislo, id_mesta, ulica, meno, priezvisko) VALUES('6152176369', 20, 'Stromov· ulica', 'Daniela', 'Plekanecov·');
INSERT INTO osoba(rod_cislo, id_mesta, ulica, meno, priezvisko) VALUES('7001004163', 24, 'Gejzu DusÌka', 'Rastislav', 'Binart');
INSERT INTO osoba(rod_cislo, id_mesta, ulica, meno, priezvisko) VALUES('8756045795', 1, 'TrstÌnska cesta', 'Nat·lia', 'MiklÛsov·');
INSERT INTO osoba(rod_cislo, id_mesta, ulica, meno, priezvisko) VALUES('7607162940', 17, 'Nev‰dzov·', 'Dobroslav', 'JanËo');
INSERT INTO osoba(rod_cislo, id_mesta, ulica, meno, priezvisko) VALUES('9954351363', 18, 'Petra Boh˙Úa', 'Adela', 'Jedæovs·');
INSERT INTO osoba(rod_cislo, id_mesta, ulica, meno, priezvisko) VALUES('8762131329', 3, 'Mozartova', 'Olympia', 'Straov·');
INSERT INTO osoba(rod_cislo, id_mesta, ulica, meno, priezvisko) VALUES('0102139370', 22, 'G·bora Steinera', 'JaromÌr', 'Peöka');
INSERT INTO osoba(rod_cislo, id_mesta, ulica, meno, priezvisko) VALUES('9459308516', 8, 'SlneËn·', 'Dana', 'Paukov·');
INSERT INTO osoba(rod_cislo, id_mesta, ulica, meno, priezvisko) VALUES('5361194043', 23, 'Strm· ulica', 'MagdalÈna', 'Rakov·');
INSERT INTO osoba(rod_cislo, id_mesta, ulica, meno, priezvisko) VALUES('9653055606', 18, 'DiaæniËn·', 'EleonÛra', 'Piov·');
INSERT INTO osoba(rod_cislo, id_mesta, ulica, meno, priezvisko) VALUES('6552121166', 15, 'Samuela JurkoviËa', 'M·ria', 'Hanov·');
INSERT INTO osoba(rod_cislo, id_mesta, ulica, meno, priezvisko) VALUES('8805278028', 9, 'Williama Schiffera', 'Denis', 'Heretik');
INSERT INTO osoba(rod_cislo, id_mesta, ulica, meno, priezvisko) VALUES('3005198373', 24, 'Ferka Urb·nka', 'éigmund', 'MeÚh·rt');
INSERT INTO osoba(rod_cislo, id_mesta, ulica, meno, priezvisko) VALUES('5853278870', 23, 'éelezniËn· ulica', 'äimon, Simona', 'Bell·nov·');
INSERT INTO osoba(rod_cislo, id_mesta, ulica, meno, priezvisko) VALUES('2902072718', 23, 'Divadeln·', 'Teodor', 'Stefan');
INSERT INTO osoba(rod_cislo, id_mesta, ulica, meno, priezvisko) VALUES('5359113599', 4, 'Astrov·', 'AlbÌna', 'LamaËov·');
INSERT INTO osoba(rod_cislo, id_mesta, ulica, meno, priezvisko) VALUES('1755323801', 6, 'Seredsk·', 'M·ria', 'Stefanov·');
INSERT INTO osoba(rod_cislo, id_mesta, ulica, meno, priezvisko) VALUES('9502087390', 22, 'Frantiök·nska', 'Oto', 'Mih·l');
INSERT INTO osoba(rod_cislo, id_mesta, ulica, meno, priezvisko) VALUES('7207182797', 5, 'Kr·tka ulica', 'Viktor', 'Biegler');
INSERT INTO osoba(rod_cislo, id_mesta, ulica, meno, priezvisko) VALUES('8458258788', 13, 'KomenskÈho', 'Hedviga', 'Daov·');
INSERT INTO osoba(rod_cislo, id_mesta, ulica, meno, priezvisko) VALUES('2953206836', 22, 'N·mestie Slov.uËenÈho tovariöstva', 'SidÛnia', 'Kliûanov·');
INSERT INTO osoba(rod_cislo, id_mesta, ulica, meno, priezvisko) VALUES('7052085431', 2, 'RadlinskÈho', 'Irma', 'Peöekov·');
INSERT INTO osoba(rod_cislo, id_mesta, ulica, meno, priezvisko) VALUES('9711296985', 3, 'Bosniacka', 'Vasil', 'Prochazka');
INSERT INTO osoba(rod_cislo, id_mesta, ulica, meno, priezvisko) VALUES('0955055793', 7, 'Nitrianska', 'XÈnia', 'Tomaschekov·');
INSERT INTO osoba(rod_cislo, id_mesta, ulica, meno, priezvisko) VALUES('6951035971', 14, 'SlneËn·', 'Linda', 'Baranovicsov·');
INSERT INTO osoba(rod_cislo, id_mesta, ulica, meno, priezvisko) VALUES('7662262850', 11, 'Hurbanova', 'Svetlana', 'J·nov·');
INSERT INTO osoba(rod_cislo, id_mesta, ulica, meno, priezvisko) VALUES('6562156734', 1, 'RadlinskÈho', 'MarÌna', 'Pup·kov·');
INSERT INTO osoba(rod_cislo, id_mesta, ulica, meno, priezvisko) VALUES('0756238287', 5, 'Klempova', 'Lesia', 'Baumannov·');
INSERT INTO osoba(rod_cislo, id_mesta, ulica, meno, priezvisko) VALUES('5357266983', 2, 'Vajslova ulica', 'Blaûena', 'Zajacov·');
INSERT INTO osoba(rod_cislo, id_mesta, ulica, meno, priezvisko) VALUES('4706372134', 22, 'éelezniËn· ulica', 'Stanislav', 'Berg');
INSERT INTO osoba(rod_cislo, id_mesta, ulica, meno, priezvisko) VALUES('6455000896', 20, 'AtÛmov·', 'Miroslava', 'Labantov·');
INSERT INTO osoba(rod_cislo, id_mesta, ulica, meno, priezvisko) VALUES('8160263215', 17, 'Salezi·nska ulica', 'Ingrida', 'Beiselov·');
INSERT INTO osoba(rod_cislo, id_mesta, ulica, meno, priezvisko) VALUES('0154206093', 12, 'Far·rske', 'MarÌna', 'Benov·');
INSERT INTO osoba(rod_cislo, id_mesta, ulica, meno, priezvisko) VALUES('0908283779', 8, 'MarkoviËova', 'RÛbert', 'JanËo');
INSERT INTO osoba(rod_cislo, id_mesta, ulica, meno, priezvisko) VALUES('2112368953', 24, 'KalinËiakova', 'Anton', 'Rosina');
INSERT INTO osoba(rod_cislo, id_mesta, ulica, meno, priezvisko) VALUES('5611172901', 23, 'OkruûnÈ n·mestie', 'Vlastimil', 'Solan');
INSERT INTO osoba(rod_cislo, id_mesta, ulica, meno, priezvisko) VALUES('4306338990', 9, 'Bradlansk·', 'Miloö', 'Bodita');
INSERT INTO osoba(rod_cislo, id_mesta, ulica, meno, priezvisko) VALUES('4456352693', 21, 'Odboj·rska', 'Boûidara', 'Boltenov·');
INSERT INTO osoba(rod_cislo, id_mesta, ulica, meno, priezvisko) VALUES('1252081958', 14, 'Leoöa Jan·Ëka', 'Viera', 'Poliakov·');
INSERT INTO osoba(rod_cislo, id_mesta, ulica, meno, priezvisko) VALUES('2962333518', 12, 'J·na Bottu', 'Dominika', 'Laov·');
INSERT INTO osoba(rod_cislo, id_mesta, ulica, meno, priezvisko) VALUES('8951002052', 13, 'Stredn·', 'ätef·nia', 'Skl·rov·');
INSERT INTO osoba(rod_cislo, id_mesta, ulica, meno, priezvisko) VALUES('5654057161', 25, 'Strm· ulica', 'Milota', 'Dacejov·');
INSERT INTO osoba(rod_cislo, id_mesta, ulica, meno, priezvisko) VALUES('1509093313', 5, 'Spojn· ulica', 'Alexej', 'JanËo');
INSERT INTO osoba(rod_cislo, id_mesta, ulica, meno, priezvisko) VALUES('6853095746', 17, 'Vetern·', 'Alûbeta', 'Tiov·');
INSERT INTO osoba(rod_cislo, id_mesta, ulica, meno, priezvisko) VALUES('5708255769', 17, 'Astrov·', 'Anton', 'Hanko');
INSERT INTO osoba(rod_cislo, id_mesta, ulica, meno, priezvisko) VALUES('7462303449', 23, 'RadlinskÈho', 'Diana', 'Timov·');
INSERT INTO osoba(rod_cislo, id_mesta, ulica, meno, priezvisko) VALUES('1104229118', 17, 'HornopotoËn·', 'Arp·d', 'Zachar');
INSERT INTO osoba(rod_cislo, id_mesta, ulica, meno, priezvisko) VALUES('3661073519', 16, 'Poötov· ulica', 'Adri·na', 'Mich·lechov·');
INSERT INTO osoba(rod_cislo, id_mesta, ulica, meno, priezvisko) VALUES('3410110697', 14, 'ätrky', 'Richard', 'Haböuda');
INSERT INTO osoba(rod_cislo, id_mesta, ulica, meno, priezvisko) VALUES('1103107337', 10, 'Legion·rska ulica', 'Aleö', 'Fabian');
INSERT INTO osoba(rod_cislo, id_mesta, ulica, meno, priezvisko) VALUES('7901358526', 13, 'Kapitulsk·', 'J˙lius', 'St¸mpel');
INSERT INTO osoba(rod_cislo, id_mesta, ulica, meno, priezvisko) VALUES('6953333995', 4, 'Na hlin·ch', 'Judita', 'Mikloöov·');
INSERT INTO osoba(rod_cislo, id_mesta, ulica, meno, priezvisko) VALUES('3110209070', 18, 'DolnopotoËn·', 'Patrik', 'J·noöka');
INSERT INTO osoba(rod_cislo, id_mesta, ulica, meno, priezvisko) VALUES('4312268881', 5, 'Petra P·zmaÚa', 'KazimÌr', 'Bal·Zik');
INSERT INTO osoba(rod_cislo, id_mesta, ulica, meno, priezvisko) VALUES('4859166759', 12, 'RadlinskÈho', 'Duöana', 'JanÌkov·');
INSERT INTO osoba(rod_cislo, id_mesta, ulica, meno, priezvisko) VALUES('9709233504', 10, 'Pobreûn·', 'ValÈr', 'Pap');
INSERT INTO osoba(rod_cislo, id_mesta, ulica, meno, priezvisko) VALUES('2211123729', 5, 'Vajslova ulica', 'Patrik', 'Janouöek');
INSERT INTO osoba(rod_cislo, id_mesta, ulica, meno, priezvisko) VALUES('4307165294', 21, 'J. G. TajovskÈho', 'VladimÌr', 'Beladics');
INSERT INTO osoba(rod_cislo, id_mesta, ulica, meno, priezvisko) VALUES('5761193222', 10, 'PaulÌnska', 'ViktÛria', 'J·noöov·');
INSERT INTO osoba(rod_cislo, id_mesta, ulica, meno, priezvisko) VALUES('4507349047', 22, 'Poötov· ulica', 'Vladislav', 'Jendek');
INSERT INTO osoba(rod_cislo, id_mesta, ulica, meno, priezvisko) VALUES('5462343585', 15, 'Orechov· ulica', 'Miroslava', 'Badovsa');
INSERT INTO osoba(rod_cislo, id_mesta, ulica, meno, priezvisko) VALUES('8910333188', 6, 'V˝chodn· ulica', 'Mat˙ö', 'Biro');
INSERT INTO osoba(rod_cislo, id_mesta, ulica, meno, priezvisko) VALUES('9602081494', 6, 'Adama ätrek·ra', 'Vladislav', 'Beladics');
INSERT INTO osoba(rod_cislo, id_mesta, ulica, meno, priezvisko) VALUES('7851269218', 7, 'Seredsk·', 'Hortenzia', 'Sklen·rov·');
INSERT INTO osoba(rod_cislo, id_mesta, ulica, meno, priezvisko) VALUES('9404268798', 1, 'Legion·rska ulica', 'Oldrich', 'Koll·r');
INSERT INTO osoba(rod_cislo, id_mesta, ulica, meno, priezvisko) VALUES('3061314964', 8, 'Osadn·', 'Henrieta', 'Birnbaumov·');
INSERT INTO osoba(rod_cislo, id_mesta, ulica, meno, priezvisko) VALUES('2652162452', 10, 'R·zusova', 'Darina', 'DeveËov·');
INSERT INTO osoba(rod_cislo, id_mesta, ulica, meno, priezvisko) VALUES('2904263656', 13, 'J·na Sambucusa', 'Ladislav', 'HaöË·k');
INSERT INTO osoba(rod_cislo, id_mesta, ulica, meno, priezvisko) VALUES('7052343295', 25, 'J·na HlubÌka', 'Anabela', 'Buchowiekov·');
INSERT INTO osoba(rod_cislo, id_mesta, ulica, meno, priezvisko) VALUES('7053315884', 17, 'GavloviËova', 'Zlatica', 'Burgov·');
INSERT INTO osoba(rod_cislo, id_mesta, ulica, meno, priezvisko) VALUES('8206007237', 8, 'Invalidsk·', 'Oleg', 'Buchleitner');
INSERT INTO osoba(rod_cislo, id_mesta, ulica, meno, priezvisko) VALUES('5754328744', 9, 'Pobreûn·', 'Zita', 'Boehmov·');
INSERT INTO osoba(rod_cislo, id_mesta, ulica, meno, priezvisko) VALUES('5002137433', 19, 'Mierov·', 'Izidor', 'Skuteck˝');
INSERT INTO osoba(rod_cislo, id_mesta, ulica, meno, priezvisko) VALUES('8008264835', 16, 'Seredsk·', 'J·n', 'D·Úa');
INSERT INTO osoba(rod_cislo, id_mesta, ulica, meno, priezvisko) VALUES('8654281253', 3, 'Chrenov· ulica', 'ºubica', 'Tiov·');
INSERT INTO osoba(rod_cislo, id_mesta, ulica, meno, priezvisko) VALUES('8661331962', 20, 'Orechov· ulica', 'Milota', 'Samuelov·');
INSERT INTO osoba(rod_cislo, id_mesta, ulica, meno, priezvisko) VALUES('2102137814', 21, 'BuËianska', 'Sergej', 'J·noöÌk');
INSERT INTO osoba(rod_cislo, id_mesta, ulica, meno, priezvisko) VALUES('2562190976', 8, 'Bed¯icha Smetanu', 'Daniela', 'Kol·¯ov·');
INSERT INTO osoba(rod_cislo, id_mesta, ulica, meno, priezvisko) VALUES('0557203222', 9, 'J˙liusa G·briöa', 'Zuzana', 'Szaov·');
INSERT INTO osoba(rod_cislo, id_mesta, ulica, meno, priezvisko) VALUES('2707254170', 1, 'Ivana Krasku', 'Jozef', 'Richard');
INSERT INTO osoba(rod_cislo, id_mesta, ulica, meno, priezvisko) VALUES('7206200613', 21, 'Olympijsk· ulica', 'ätefan', 'Balladies');
INSERT INTO osoba(rod_cislo, id_mesta, ulica, meno, priezvisko) VALUES('8503178482', 14, 'Stromov· ulica', 'Marek', 'Pup·k');
INSERT INTO osoba(rod_cislo, id_mesta, ulica, meno, priezvisko) VALUES('9661037331', 13, 'Z·moËnÌcka', 'Alojzia', 'Masarykov·');
INSERT INTO osoba(rod_cislo, id_mesta, ulica, meno, priezvisko) VALUES('7811009005', 20, 'Suchovsk·', 'Kamil', 'Sklen·r');
INSERT INTO osoba(rod_cislo, id_mesta, ulica, meno, priezvisko) VALUES('6503169993', 19, 'Tibora Kruûliaka', 'Vratko', 'Proch·zka');
INSERT INTO osoba(rod_cislo, id_mesta, ulica, meno, priezvisko) VALUES('1701093412', 15, 'Poötov· ulica', 'ätefan', 'Bartos');
INSERT INTO osoba(rod_cislo, id_mesta, ulica, meno, priezvisko) VALUES('1508150061', 21, 'Sasinkova', 'Boris', 'JanËa');
INSERT INTO osoba(rod_cislo, id_mesta, ulica, meno, priezvisko) VALUES('8806322372', 10, 'Zavarsk·', 'Dion˝z', 'Janouöek');
INSERT INTO osoba(rod_cislo, id_mesta, ulica, meno, priezvisko) VALUES('0403292843', 16, 'BuËianska', 'Jakub', 'Bivin');
INSERT INTO osoba(rod_cislo, id_mesta, ulica, meno, priezvisko) VALUES('1605397715', 20, 'Streleck·', 'Duöan', 'Hraöko');

--### Generujem CertifikaËnÈ firmy ###

INSERT INTO certifikacna_firma(id_firmy, id_mesta, nazov, ICO, tel_c, mail) VALUES(1, 9, 'Dis Parturient Montes Incorporated', 70120491, '0008730299', 'Gust·v.Peöka48@gmail.com');
INSERT INTO certifikacna_firma(id_firmy, id_mesta, nazov, ICO, tel_c, mail) VALUES(2, 1, 'Ipsum Sodales Purus LLP', 86731098, NULL, NULL);
INSERT INTO certifikacna_firma(id_firmy, id_mesta, nazov, ICO, tel_c, mail) VALUES(3, 2, 'At Egestas A PC', 48095662, '0411177062', 'Hugo.MenyhÈrt94@gmail.com');
INSERT INTO certifikacna_firma(id_firmy, id_mesta, nazov, ICO, tel_c, mail) VALUES(4, 14, 'Diam Corporation', 89948447, NULL, NULL);
INSERT INTO certifikacna_firma(id_firmy, id_mesta, nazov, ICO, tel_c, mail) VALUES(5, 16, 'Placerat Orci PC', 97048886, NULL, NULL);
INSERT INTO certifikacna_firma(id_firmy, id_mesta, nazov, ICO, tel_c, mail) VALUES(6, 3, 'Suscipit Nonummy Fusce Institute', 18519916, '0921636272', NULL);
INSERT INTO certifikacna_firma(id_firmy, id_mesta, nazov, ICO, tel_c, mail) VALUES(7, 8, 'Nec Eleifend PC', 75700083, NULL, 'Matej.Tomaschek33@gmail.com');
INSERT INTO certifikacna_firma(id_firmy, id_mesta, nazov, ICO, tel_c, mail) VALUES(8, 1, 'Proin Nisl Inc.', 79961109, '0970023705', NULL);
INSERT INTO certifikacna_firma(id_firmy, id_mesta, nazov, ICO, tel_c, mail) VALUES(9, 18, 'Ligula Aenean Euismod Consulting', 71548431, NULL, 'ErvÌn.Pauk94@gmail.com');
INSERT INTO certifikacna_firma(id_firmy, id_mesta, nazov, ICO, tel_c, mail) VALUES(10, 20, 'Donec Felis Orci LLP', 68037669, NULL, 'Peter.Hargaö50@gmail.com');
INSERT INTO certifikacna_firma(id_firmy, id_mesta, nazov, ICO, tel_c, mail) VALUES(11, 13, 'Varius Nam Porttitor Inc.', 48372148, NULL, NULL);
INSERT INTO certifikacna_firma(id_firmy, id_mesta, nazov, ICO, tel_c, mail) VALUES(12, 10, 'Integer Foundation', 10959210, '0961653509', 'Oliver.Bausackl99@gmail.com');
INSERT INTO certifikacna_firma(id_firmy, id_mesta, nazov, ICO, tel_c, mail) VALUES(13, 3, 'Amet Consulting', 21421296, '0431062974', NULL);
INSERT INTO certifikacna_firma(id_firmy, id_mesta, nazov, ICO, tel_c, mail) VALUES(14, 6, 'Bibendum Fermentum Metus Inc.', 93554864, '0498323724', NULL);
INSERT INTO certifikacna_firma(id_firmy, id_mesta, nazov, ICO, tel_c, mail) VALUES(15, 11, 'Erat Sed Nunc LLC', 34485222, '0776444971', 'JarolÌm.Solan65@gmail.com');
INSERT INTO certifikacna_firma(id_firmy, id_mesta, nazov, ICO, tel_c, mail) VALUES(16, 22, 'At Libero Associates', 99685732, NULL, NULL);
INSERT INTO certifikacna_firma(id_firmy, id_mesta, nazov, ICO, tel_c, mail) VALUES(17, 16, 'Cursus Nunc Institute', 87255743, '0089183104', NULL);
INSERT INTO certifikacna_firma(id_firmy, id_mesta, nazov, ICO, tel_c, mail) VALUES(18, 7, 'Pretium Aliquet Metus Ltd', 71593270, NULL, NULL);
INSERT INTO certifikacna_firma(id_firmy, id_mesta, nazov, ICO, tel_c, mail) VALUES(19, 10, 'Sit Foundation', 60208412, NULL, NULL);
INSERT INTO certifikacna_firma(id_firmy, id_mesta, nazov, ICO, tel_c, mail) VALUES(20, 25, 'Nulla Ante Iaculis Incorporated', 82943852, NULL, NULL);
INSERT INTO certifikacna_firma(id_firmy, id_mesta, nazov, ICO, tel_c, mail) VALUES(21, 20, 'Eu Erat Consulting', 34607310, NULL, 'DrahomÌr.Danko43@gmail.com');
INSERT INTO certifikacna_firma(id_firmy, id_mesta, nazov, ICO, tel_c, mail) VALUES(22, 8, 'Integer Aliquam Consulting', 10403453, NULL, 'Oliver.Tomek73@gmail.com');
INSERT INTO certifikacna_firma(id_firmy, id_mesta, nazov, ICO, tel_c, mail) VALUES(23, 10, 'Sed Diam Lorem Industries', 86521741, '0649739335', 'Timotej.Kostka57@gmail.com');
INSERT INTO certifikacna_firma(id_firmy, id_mesta, nazov, ICO, tel_c, mail) VALUES(24, 23, 'Sed Industries', 68137693, NULL, 'BohumÌr.JurËo42@gmail.com');
INSERT INTO certifikacna_firma(id_firmy, id_mesta, nazov, ICO, tel_c, mail) VALUES(25, 11, 'Pede Nec Ante Foundation', 85964896, '0550992001', 'Alfonz.Bedn·R1@gmail.com');
INSERT INTO certifikacna_firma(id_firmy, id_mesta, nazov, ICO, tel_c, mail) VALUES(26, 1, 'Donec LLC', 87429793, NULL, 'Edmund.Zipser83@gmail.com');
INSERT INTO certifikacna_firma(id_firmy, id_mesta, nazov, ICO, tel_c, mail) VALUES(27, 7, 'Magna Company', 97505093, '0725251065', NULL);
INSERT INTO certifikacna_firma(id_firmy, id_mesta, nazov, ICO, tel_c, mail) VALUES(28, 20, 'Dignissim Lacus LLP', 35890372, '0926398209', NULL);
INSERT INTO certifikacna_firma(id_firmy, id_mesta, nazov, ICO, tel_c, mail) VALUES(29, 9, 'Arcu Vestibulum Ante Foundation', 31791672, '0942506604', NULL);
INSERT INTO certifikacna_firma(id_firmy, id_mesta, nazov, ICO, tel_c, mail) VALUES(30, 12, 'Cras Interdum Nunc LLP', 13054880, '0509890474', 'Boris.Peöko10@gmail.com');
INSERT INTO certifikacna_firma(id_firmy, id_mesta, nazov, ICO, tel_c, mail) VALUES(31, 9, 'Fusce Diam Nunc Ltd', 61287183, '0602151763', 'TichomÌr.Peöko49@gmail.com');
INSERT INTO certifikacna_firma(id_firmy, id_mesta, nazov, ICO, tel_c, mail) VALUES(32, 6, 'Amet Risus Corp.', 35622338, NULL, 'Albert.B·nl15@gmail.com');
INSERT INTO certifikacna_firma(id_firmy, id_mesta, nazov, ICO, tel_c, mail) VALUES(33, 18, 'Lacinia Sed LLC', 95624408, '0581713971', 'Timotej.Skokan29@gmail.com');
INSERT INTO certifikacna_firma(id_firmy, id_mesta, nazov, ICO, tel_c, mail) VALUES(34, 25, 'Sodales Mauris Company', 19327318, '0597686502', 'Viliam.Bedn·R87@gmail.com');
INSERT INTO certifikacna_firma(id_firmy, id_mesta, nazov, ICO, tel_c, mail) VALUES(35, 16, 'Eu Arcu Morbi Industries', 64692181, '0951181755', 'Filip.Dost·l90@gmail.com');
INSERT INTO certifikacna_firma(id_firmy, id_mesta, nazov, ICO, tel_c, mail) VALUES(36, 12, 'Ac Mattis Velit Associates', 21268140, NULL, NULL);
INSERT INTO certifikacna_firma(id_firmy, id_mesta, nazov, ICO, tel_c, mail) VALUES(37, 8, 'Velit Quisque Varius Ltd', 13971707, '0064558149', NULL);
INSERT INTO certifikacna_firma(id_firmy, id_mesta, nazov, ICO, tel_c, mail) VALUES(38, 4, 'Tempus Foundation', 60573650, '0980217499', 'Arnold.J·ni57@gmail.com');
INSERT INTO certifikacna_firma(id_firmy, id_mesta, nazov, ICO, tel_c, mail) VALUES(39, 1, 'Leo Cras LLC', 37298439, '0566571877', NULL);
INSERT INTO certifikacna_firma(id_firmy, id_mesta, nazov, ICO, tel_c, mail) VALUES(40, 13, 'Sed Limited', 90154700, '0298357498', NULL);
INSERT INTO certifikacna_firma(id_firmy, id_mesta, nazov, ICO, tel_c, mail) VALUES(41, 20, 'Nullam Ut Ltd', 50625941, NULL, NULL);
INSERT INTO certifikacna_firma(id_firmy, id_mesta, nazov, ICO, tel_c, mail) VALUES(42, 24, 'In Associates', 31215775, '0961680764', NULL);
INSERT INTO certifikacna_firma(id_firmy, id_mesta, nazov, ICO, tel_c, mail) VALUES(43, 5, 'Magna Malesuada Limited', 40578407, NULL, NULL);
INSERT INTO certifikacna_firma(id_firmy, id_mesta, nazov, ICO, tel_c, mail) VALUES(44, 1, 'Mauris Eu LLP', 51767937, '0210763922', NULL);
INSERT INTO certifikacna_firma(id_firmy, id_mesta, nazov, ICO, tel_c, mail) VALUES(45, 1, 'Nunc Risus Varius Consulting', 54404534, '0545961039', 'Oleg.Bogner88@gmail.com');
INSERT INTO certifikacna_firma(id_firmy, id_mesta, nazov, ICO, tel_c, mail) VALUES(46, 17, 'Non Arcu LLP', 99445207, '0959963605', 'Zlatko.Brna60@gmail.com');
INSERT INTO certifikacna_firma(id_firmy, id_mesta, nazov, ICO, tel_c, mail) VALUES(47, 3, 'Interdum Enim Limited', 23766813, NULL, NULL);
INSERT INTO certifikacna_firma(id_firmy, id_mesta, nazov, ICO, tel_c, mail) VALUES(48, 12, 'Eleifend Foundation', 43981082, NULL, NULL);
INSERT INTO certifikacna_firma(id_firmy, id_mesta, nazov, ICO, tel_c, mail) VALUES(49, 24, 'Aliquam Enim Nec Consulting', 33268826, '0636005829', 'Daniel.Karvaö10@gmail.com');
INSERT INTO certifikacna_firma(id_firmy, id_mesta, nazov, ICO, tel_c, mail) VALUES(50, 7, 'Elit Industries', 96582790, NULL, 'Roman.MiklÌk15@gmail.com');
INSERT INTO certifikacna_firma(id_firmy, id_mesta, nazov, ICO, tel_c, mail) VALUES(51, 1, 'Dui Associates', 37849894, NULL, NULL);
INSERT INTO certifikacna_firma(id_firmy, id_mesta, nazov, ICO, tel_c, mail) VALUES(52, 14, 'Est Mauris Eu Corp.', 18022995, '0062179395', NULL);
INSERT INTO certifikacna_firma(id_firmy, id_mesta, nazov, ICO, tel_c, mail) VALUES(53, 17, 'Sapien Company', 37256133, '0503902122', NULL);
INSERT INTO certifikacna_firma(id_firmy, id_mesta, nazov, ICO, tel_c, mail) VALUES(54, 25, 'Mus Donec Dignissim Associates', 40010749, '0694419864', NULL);
INSERT INTO certifikacna_firma(id_firmy, id_mesta, nazov, ICO, tel_c, mail) VALUES(55, 11, 'Blandit Limited', 12297137, NULL, 'Oliver.Doleûal12@gmail.com');
INSERT INTO certifikacna_firma(id_firmy, id_mesta, nazov, ICO, tel_c, mail) VALUES(56, 20, 'Nibh Enim Gravida Associates', 83907005, '0840576862', 'SlavomÌr.Koszta91@gmail.com');
INSERT INTO certifikacna_firma(id_firmy, id_mesta, nazov, ICO, tel_c, mail) VALUES(57, 4, 'Et Tristique Pellentesque Institute', 57754178, NULL, 'Tom·ö.Malina96@gmail.com');
INSERT INTO certifikacna_firma(id_firmy, id_mesta, nazov, ICO, tel_c, mail) VALUES(58, 14, 'Quisque Inc.', 38494521, NULL, NULL);
INSERT INTO certifikacna_firma(id_firmy, id_mesta, nazov, ICO, tel_c, mail) VALUES(59, 5, 'Vestibulum Neque Company', 83625922, NULL, NULL);
INSERT INTO certifikacna_firma(id_firmy, id_mesta, nazov, ICO, tel_c, mail) VALUES(60, 13, 'Dapibus Gravida Aliquam Industries', 36515883, '0864487906', NULL);
INSERT INTO certifikacna_firma(id_firmy, id_mesta, nazov, ICO, tel_c, mail) VALUES(61, 10, 'Maecenas Ornare Egestas Company', 64052985, NULL, 'Jerguö.Jurko53@gmail.com');
INSERT INTO certifikacna_firma(id_firmy, id_mesta, nazov, ICO, tel_c, mail) VALUES(62, 16, 'Ullamcorper Viverra Ltd', 10080718, NULL, NULL);
INSERT INTO certifikacna_firma(id_firmy, id_mesta, nazov, ICO, tel_c, mail) VALUES(63, 2, 'Congue Elit Sed LLC', 66459454, '0494202992', NULL);
INSERT INTO certifikacna_firma(id_firmy, id_mesta, nazov, ICO, tel_c, mail) VALUES(64, 1, 'Aliquet Proin Associates', 35946226, '0467001712', NULL);
INSERT INTO certifikacna_firma(id_firmy, id_mesta, nazov, ICO, tel_c, mail) VALUES(65, 24, 'Orci Limited', 26784335, '0006087707', 'Sergej.Holuby29@gmail.com');
INSERT INTO certifikacna_firma(id_firmy, id_mesta, nazov, ICO, tel_c, mail) VALUES(66, 17, 'Euismod Associates', 29469629, NULL, NULL);
INSERT INTO certifikacna_firma(id_firmy, id_mesta, nazov, ICO, tel_c, mail) VALUES(67, 3, 'Libero Company', 80412645, NULL, NULL);
INSERT INTO certifikacna_firma(id_firmy, id_mesta, nazov, ICO, tel_c, mail) VALUES(68, 22, 'Ac Eleifend Vitae Associates', 18495001, NULL, 'Karol.Beladovic6@gmail.com');
INSERT INTO certifikacna_firma(id_firmy, id_mesta, nazov, ICO, tel_c, mail) VALUES(69, 24, 'Dolor Sit Corporation', 46526393, NULL, 'Duöan.Dula56@gmail.com');
INSERT INTO certifikacna_firma(id_firmy, id_mesta, nazov, ICO, tel_c, mail) VALUES(70, 8, 'Nisl Nulla Eu Limited', 97264780, '0004297702', NULL);
INSERT INTO certifikacna_firma(id_firmy, id_mesta, nazov, ICO, tel_c, mail) VALUES(71, 9, 'Nisi Aenean Eget Corporation', 31334592, NULL, 'ºubomÌr.LajË·k75@gmail.com');
INSERT INTO certifikacna_firma(id_firmy, id_mesta, nazov, ICO, tel_c, mail) VALUES(72, 12, 'Ultrices Institute', 12270865, '0047758028', NULL);
INSERT INTO certifikacna_firma(id_firmy, id_mesta, nazov, ICO, tel_c, mail) VALUES(73, 19, 'Ut Erat Sed LLC', 63036748, '0731498357', NULL);
INSERT INTO certifikacna_firma(id_firmy, id_mesta, nazov, ICO, tel_c, mail) VALUES(74, 10, 'Per Conubia Foundation', 10674305, NULL, 'KazimÌr.Pauko77@gmail.com');
INSERT INTO certifikacna_firma(id_firmy, id_mesta, nazov, ICO, tel_c, mail) VALUES(75, 20, 'Sollicitudin Commodo Ipsum Corporation', 23867726, NULL, NULL);
INSERT INTO certifikacna_firma(id_firmy, id_mesta, nazov, ICO, tel_c, mail) VALUES(76, 17, 'Ut Pharetra Sed Inc.', 41860887, '0588328115', 'Leopold.Slaöùan35@gmail.com');
INSERT INTO certifikacna_firma(id_firmy, id_mesta, nazov, ICO, tel_c, mail) VALUES(77, 4, 'Ac LLC', 41624062, NULL, NULL);
INSERT INTO certifikacna_firma(id_firmy, id_mesta, nazov, ICO, tel_c, mail) VALUES(78, 16, 'Auctor Institute', 91213949, '0819414326', 'Kornel.Janoöo35@gmail.com');
INSERT INTO certifikacna_firma(id_firmy, id_mesta, nazov, ICO, tel_c, mail) VALUES(79, 12, 'Porttitor Tellus Non Company', 40866360, NULL, NULL);
INSERT INTO certifikacna_firma(id_firmy, id_mesta, nazov, ICO, tel_c, mail) VALUES(80, 12, 'At Egestas A Limited', 83669351, NULL, NULL);
INSERT INTO certifikacna_firma(id_firmy, id_mesta, nazov, ICO, tel_c, mail) VALUES(81, 23, 'Convallis Convallis LLC', 76844374, NULL, 'Mari·n.Bork21@gmail.com');
INSERT INTO certifikacna_firma(id_firmy, id_mesta, nazov, ICO, tel_c, mail) VALUES(82, 4, 'Eu Sem Pellentesque Institute', 20114931, NULL, NULL);
INSERT INTO certifikacna_firma(id_firmy, id_mesta, nazov, ICO, tel_c, mail) VALUES(83, 6, 'Cum Sociis PC', 87269524, NULL, 'Oliver.TÛth92@gmail.com');
INSERT INTO certifikacna_firma(id_firmy, id_mesta, nazov, ICO, tel_c, mail) VALUES(84, 23, 'Aenean Sed Pede Ltd', 95863588, '0124644222', NULL);
INSERT INTO certifikacna_firma(id_firmy, id_mesta, nazov, ICO, tel_c, mail) VALUES(85, 4, 'Nullam Velit Dui Foundation', 11347021, '0257321851', NULL);
INSERT INTO certifikacna_firma(id_firmy, id_mesta, nazov, ICO, tel_c, mail) VALUES(86, 22, 'Ante Industries', 72224503, '0411851423', NULL);
INSERT INTO certifikacna_firma(id_firmy, id_mesta, nazov, ICO, tel_c, mail) VALUES(87, 5, 'Urna Foundation', 98299000, '0348388938', 'Roland.Tatar38@gmail.com');
INSERT INTO certifikacna_firma(id_firmy, id_mesta, nazov, ICO, tel_c, mail) VALUES(88, 5, 'Egestas A Scelerisque Limited', 24353005, NULL, NULL);
INSERT INTO certifikacna_firma(id_firmy, id_mesta, nazov, ICO, tel_c, mail) VALUES(89, 13, 'Eleifend Nunc Risus Consulting', 34069779, NULL, NULL);
INSERT INTO certifikacna_firma(id_firmy, id_mesta, nazov, ICO, tel_c, mail) VALUES(90, 18, 'Neque Ltd', 90000600, '0824184593', 'Hugo.Koszta54@gmail.com');
INSERT INTO certifikacna_firma(id_firmy, id_mesta, nazov, ICO, tel_c, mail) VALUES(91, 10, 'Risus In Mi Consulting', 60114998, NULL, NULL);
INSERT INTO certifikacna_firma(id_firmy, id_mesta, nazov, ICO, tel_c, mail) VALUES(92, 3, 'Nunc Ac Industries', 55366590, NULL, NULL);
INSERT INTO certifikacna_firma(id_firmy, id_mesta, nazov, ICO, tel_c, mail) VALUES(93, 11, 'A Magna Lorem Institute', 90893199, NULL, NULL);
INSERT INTO certifikacna_firma(id_firmy, id_mesta, nazov, ICO, tel_c, mail) VALUES(94, 21, 'Lectus Nullam Suscipit Institute', 29244201, '0572104955', NULL);
INSERT INTO certifikacna_firma(id_firmy, id_mesta, nazov, ICO, tel_c, mail) VALUES(95, 10, 'Tempor Corp.', 66285678, NULL, NULL);
INSERT INTO certifikacna_firma(id_firmy, id_mesta, nazov, ICO, tel_c, mail) VALUES(96, 7, 'Et Magnis Ltd', 13463314, '0524323027', 'Matej.Bartosch40@gmail.com');
INSERT INTO certifikacna_firma(id_firmy, id_mesta, nazov, ICO, tel_c, mail) VALUES(97, 20, 'Blandit Industries', 48950219, '0440880590', NULL);
INSERT INTO certifikacna_firma(id_firmy, id_mesta, nazov, ICO, tel_c, mail) VALUES(98, 20, 'Nec Diam Incorporated', 21234216, '0595739663', 'Gregor.Brychta39@gmail.com');
INSERT INTO certifikacna_firma(id_firmy, id_mesta, nazov, ICO, tel_c, mail) VALUES(99, 9, 'Est Mauris LLP', 32636339, NULL, 'Daniel.Labant95@gmail.com');
INSERT INTO certifikacna_firma(id_firmy, id_mesta, nazov, ICO, tel_c, mail) VALUES(100, 5, 'Curabitur Egestas Nunc Limited', 49029904, '0081022369', 'Marek.Sameæ85@gmail.com');

--### Generujem Sk˙öky ###

INSERT INTO skuska(id_skusky, nazov, max_pocet_bodov, cas_min, limit_percento, dokumentacia, literatura, jazyk) VALUES(1, 'Oracle 11b', 199, 44, 83, NULL, NULL, 'PL');
INSERT INTO skuska(id_skusky, nazov, max_pocet_bodov, cas_min, limit_percento, dokumentacia, literatura, jazyk) VALUES(2, 'Oracle 10d', 102, 87, 82, 'reprehenderit aliqua duis enim cillum id in ea minim dolor', 'consequat esse nisi aliqua non veniam dolor labor', 'G');
INSERT INTO skuska(id_skusky, nazov, max_pocet_bodov, cas_min, limit_percento, dokumentacia, literatura, jazyk) VALUES(3, 'Oracle 12c', 159, 93, 82, NULL, 'elit esse quis aute nostrud veniam fugiat veli', 'EN');
INSERT INTO skuska(id_skusky, nazov, max_pocet_bodov, cas_min, limit_percento, dokumentacia, literatura, jazyk) VALUES(4, 'Oracle 12b', 160, 42, 85, NULL, 'aliqua in eu et id irure laborum nis', 'G');
INSERT INTO skuska(id_skusky, nazov, max_pocet_bodov, cas_min, limit_percento, dokumentacia, literatura, jazyk) VALUES(5, 'Oracle 6a', 127, 61, 67, 'sunt non ex exercitation proident sit ex exercitation ut deserun', 'elit reprehenderit in ut aliqua velit culpa labori', 'IT');
INSERT INTO skuska(id_skusky, nazov, max_pocet_bodov, cas_min, limit_percento, dokumentacia, literatura, jazyk) VALUES(6, 'Oracle 9a', 137, 79, 65, NULL, NULL, 'RUS');
INSERT INTO skuska(id_skusky, nazov, max_pocet_bodov, cas_min, limit_percento, dokumentacia, literatura, jazyk) VALUES(7, 'Oracle 6f', 115, 30, 84, 'voluptate sit ad reprehenderit laborum aliquip labore esse et aut', 'exercitation commodo labore velit culpa ut occaecat ame', 'SK');
INSERT INTO skuska(id_skusky, nazov, max_pocet_bodov, cas_min, limit_percento, dokumentacia, literatura, jazyk) VALUES(8, 'Oracle 12f', 181, 78, 57, NULL, NULL, 'CZ');
INSERT INTO skuska(id_skusky, nazov, max_pocet_bodov, cas_min, limit_percento, dokumentacia, literatura, jazyk) VALUES(9, 'Oracle 10d', 124, 74, 58, NULL, 'minim ipsum ipsum commodo eiusmod ullamco dolore commod', 'EN');
INSERT INTO skuska(id_skusky, nazov, max_pocet_bodov, cas_min, limit_percento, dokumentacia, literatura, jazyk) VALUES(10, 'Oracle 9a', 168, 116, 64, NULL, 'ex qui aute id elit qui eu null', 'IT');
INSERT INTO skuska(id_skusky, nazov, max_pocet_bodov, cas_min, limit_percento, dokumentacia, literatura, jazyk) VALUES(11, 'Oracle 12c', 173, 74, 62, 'minim cupidatat in dolore quis dolore mollit laboris voluptate molli', 'proident nulla voluptate et nostrud eiusmod commodo eni', 'EN');
INSERT INTO skuska(id_skusky, nazov, max_pocet_bodov, cas_min, limit_percento, dokumentacia, literatura, jazyk) VALUES(12, 'Oracle 6f', 163, 37, 73, NULL, 'id voluptate ex non excepteur deserunt nisi se', 'G');
INSERT INTO skuska(id_skusky, nazov, max_pocet_bodov, cas_min, limit_percento, dokumentacia, literatura, jazyk) VALUES(13, 'Oracle 9c', 142, 103, 83, NULL, NULL, 'CZ');
INSERT INTO skuska(id_skusky, nazov, max_pocet_bodov, cas_min, limit_percento, dokumentacia, literatura, jazyk) VALUES(14, 'Oracle 6b', 143, 81, 82, NULL, NULL, 'G');
INSERT INTO skuska(id_skusky, nazov, max_pocet_bodov, cas_min, limit_percento, dokumentacia, literatura, jazyk) VALUES(15, 'Oracle 7f', 174, 32, 52, NULL, 'elit deserunt culpa mollit deserunt adipisicing eu venia', 'FR');
INSERT INTO skuska(id_skusky, nazov, max_pocet_bodov, cas_min, limit_percento, dokumentacia, literatura, jazyk) VALUES(16, 'Oracle 7a', 114, 109, 78, NULL, 'eiusmod sit est irure irure ea dolor eli', 'IT');
INSERT INTO skuska(id_skusky, nazov, max_pocet_bodov, cas_min, limit_percento, dokumentacia, literatura, jazyk) VALUES(17, 'Oracle 7a', 170, 84, 54, 'elit id dolor sit culpa et velit in est sun', 'id sed incididunt esse id consectetur qui labor', 'EN');
INSERT INTO skuska(id_skusky, nazov, max_pocet_bodov, cas_min, limit_percento, dokumentacia, literatura, jazyk) VALUES(18, 'Oracle 9c', 110, 99, 77, NULL, NULL, 'CZ');
INSERT INTO skuska(id_skusky, nazov, max_pocet_bodov, cas_min, limit_percento, dokumentacia, literatura, jazyk) VALUES(19, 'Oracle 10c', 101, 107, 88, 'dolor et nisi enim dolore non quis sunt amet voluptat', 'nisi in nulla exercitation nulla duis sed null', 'RUS');
INSERT INTO skuska(id_skusky, nazov, max_pocet_bodov, cas_min, limit_percento, dokumentacia, literatura, jazyk) VALUES(20, 'Oracle 11c', 194, 51, 53, NULL, NULL, 'SK');
INSERT INTO skuska(id_skusky, nazov, max_pocet_bodov, cas_min, limit_percento, dokumentacia, literatura, jazyk) VALUES(21, 'Oracle 7a', 200, 51, 70, 'qui ut labore sed adipisicing dolor aliqua duis consequat i', NULL, 'G');
INSERT INTO skuska(id_skusky, nazov, max_pocet_bodov, cas_min, limit_percento, dokumentacia, literatura, jazyk) VALUES(22, 'Oracle 12f', 147, 53, 81, 'ex ea quis veniam eiusmod dolor ipsum cupidatat in null', 'adipisicing sit officia exercitation tempor sed tempor tempo', 'EN');
INSERT INTO skuska(id_skusky, nazov, max_pocet_bodov, cas_min, limit_percento, dokumentacia, literatura, jazyk) VALUES(23, 'Oracle 10f', 122, 78, 51, 'ullamco sed esse cupidatat laboris culpa sint ut in no', 'aute culpa elit magna commodo qui dolor venia', 'SK');
INSERT INTO skuska(id_skusky, nazov, max_pocet_bodov, cas_min, limit_percento, dokumentacia, literatura, jazyk) VALUES(24, 'Oracle 12e', 190, 119, 58, NULL, 'anim eu voluptate sunt duis lorem reprehenderit magn', 'EN');
INSERT INTO skuska(id_skusky, nazov, max_pocet_bodov, cas_min, limit_percento, dokumentacia, literatura, jazyk) VALUES(25, 'Oracle 9a', 110, 64, 52, 'pariatur culpa consequat occaecat esse sit in nisi tempor e', NULL, 'CZ');
INSERT INTO skuska(id_skusky, nazov, max_pocet_bodov, cas_min, limit_percento, dokumentacia, literatura, jazyk) VALUES(26, 'Oracle 6b', 147, 111, 52, NULL, NULL, 'RUS');
INSERT INTO skuska(id_skusky, nazov, max_pocet_bodov, cas_min, limit_percento, dokumentacia, literatura, jazyk) VALUES(27, 'Oracle 11f', 149, 36, 60, NULL, 'incididunt dolor proident ex proident dolore voluptate dolo', 'FR');
INSERT INTO skuska(id_skusky, nazov, max_pocet_bodov, cas_min, limit_percento, dokumentacia, literatura, jazyk) VALUES(28, 'Oracle 7c', 143, 92, 90, NULL, 'qui qui minim tempor dolore mollit non mini', 'PL');
INSERT INTO skuska(id_skusky, nazov, max_pocet_bodov, cas_min, limit_percento, dokumentacia, literatura, jazyk) VALUES(29, 'Oracle 8a', 103, 54, 83, NULL, NULL, 'IT');
INSERT INTO skuska(id_skusky, nazov, max_pocet_bodov, cas_min, limit_percento, dokumentacia, literatura, jazyk) VALUES(30, 'Oracle 10c', 176, 67, 78, 'anim velit velit adipisicing in pariatur non ea commodo veli', 'lorem est officia aute est magna reprehenderit cupidata', 'G');
INSERT INTO skuska(id_skusky, nazov, max_pocet_bodov, cas_min, limit_percento, dokumentacia, literatura, jazyk) VALUES(31, 'Oracle 9b', 178, 41, 52, NULL, 'irure consectetur voluptate labore ex labore sit e', 'FR');
INSERT INTO skuska(id_skusky, nazov, max_pocet_bodov, cas_min, limit_percento, dokumentacia, literatura, jazyk) VALUES(32, 'Oracle 7c', 138, 81, 58, NULL, 'incididunt labore quis velit sed nisi laboris qui', 'SK');
INSERT INTO skuska(id_skusky, nazov, max_pocet_bodov, cas_min, limit_percento, dokumentacia, literatura, jazyk) VALUES(33, 'Oracle 12e', 168, 80, 73, NULL, 'veniam consequat dolor dolor incididunt voluptate enim dui', 'IT');
INSERT INTO skuska(id_skusky, nazov, max_pocet_bodov, cas_min, limit_percento, dokumentacia, literatura, jazyk) VALUES(34, 'Oracle 10a', 126, 67, 53, 'tempor exercitation in consequat laborum laboris mollit ut reprehenderit commod', 'eiusmod occaecat ullamco culpa esse anim anim e', 'IT');
INSERT INTO skuska(id_skusky, nazov, max_pocet_bodov, cas_min, limit_percento, dokumentacia, literatura, jazyk) VALUES(35, 'Oracle 11c', 103, 99, 84, 'nisi eiusmod laborum eu aute voluptate et ut incididunt se', NULL, 'CZ');
INSERT INTO skuska(id_skusky, nazov, max_pocet_bodov, cas_min, limit_percento, dokumentacia, literatura, jazyk) VALUES(36, 'Oracle 6e', 177, 103, 68, NULL, NULL, 'SK');
INSERT INTO skuska(id_skusky, nazov, max_pocet_bodov, cas_min, limit_percento, dokumentacia, literatura, jazyk) VALUES(37, 'Oracle 6c', 152, 90, 71, 'elit cupidatat nostrud sunt dolore tempor ut commodo incididunt qu', 'labore non officia magna fugiat reprehenderit aliqua aut', 'FR');
INSERT INTO skuska(id_skusky, nazov, max_pocet_bodov, cas_min, limit_percento, dokumentacia, literatura, jazyk) VALUES(38, 'Oracle 11f', 104, 101, 74, 'pariatur dolore labore do lorem consequat dolor aliqua ad adipisicin', 'aute incididunt officia incididunt ex et sed labor', 'SK');
INSERT INTO skuska(id_skusky, nazov, max_pocet_bodov, cas_min, limit_percento, dokumentacia, literatura, jazyk) VALUES(39, 'Oracle 8f', 182, 118, 70, 'ut exercitation dolore cupidatat deserunt in incididunt adipisicing aute eiusmo', 'velit consectetur occaecat aute in enim duis dolor', 'SK');
INSERT INTO skuska(id_skusky, nazov, max_pocet_bodov, cas_min, limit_percento, dokumentacia, literatura, jazyk) VALUES(40, 'Oracle 10e', 112, 85, 63, 'do in ut sint duis dolor cupidatat laboris est fugia', 'ut ad in ea proident deserunt laborum commod', 'SK');
INSERT INTO skuska(id_skusky, nazov, max_pocet_bodov, cas_min, limit_percento, dokumentacia, literatura, jazyk) VALUES(41, 'Oracle 7e', 164, 87, 65, 'laboris consequat sed culpa tempor dolor excepteur sed ullamco offici', NULL, 'FR');
INSERT INTO skuska(id_skusky, nazov, max_pocet_bodov, cas_min, limit_percento, dokumentacia, literatura, jazyk) VALUES(42, 'Oracle 12a', 113, 61, 52, 'aliquip in eu qui ut irure quis minim elit offici', 'laborum do voluptate qui in exercitation magna cillu', 'FR');
INSERT INTO skuska(id_skusky, nazov, max_pocet_bodov, cas_min, limit_percento, dokumentacia, literatura, jazyk) VALUES(43, 'Oracle 11a', 132, 86, 61, NULL, NULL, 'RUS');
INSERT INTO skuska(id_skusky, nazov, max_pocet_bodov, cas_min, limit_percento, dokumentacia, literatura, jazyk) VALUES(44, 'Oracle 6a', 108, 106, 75, 'dolore ex est dolor sed sit minim laborum nostrud veli', 'quis sunt sunt non laboris ad dolor mini', 'FR');
INSERT INTO skuska(id_skusky, nazov, max_pocet_bodov, cas_min, limit_percento, dokumentacia, literatura, jazyk) VALUES(45, 'Oracle 6c', 155, 31, 62, NULL, 'nostrud ad elit eiusmod laboris dolor sed ani', 'SK');
INSERT INTO skuska(id_skusky, nazov, max_pocet_bodov, cas_min, limit_percento, dokumentacia, literatura, jazyk) VALUES(46, 'Oracle 11e', 176, 47, 77, 'veniam nisi dolor dolor minim dolore non et consectetur venia', NULL, 'PL');
INSERT INTO skuska(id_skusky, nazov, max_pocet_bodov, cas_min, limit_percento, dokumentacia, literatura, jazyk) VALUES(47, 'Oracle 9f', 125, 49, 56, NULL, NULL, 'IT');
INSERT INTO skuska(id_skusky, nazov, max_pocet_bodov, cas_min, limit_percento, dokumentacia, literatura, jazyk) VALUES(48, 'Oracle 8e', 185, 64, 54, NULL, 'est ullamco culpa reprehenderit in ut irure ess', 'SK');
INSERT INTO skuska(id_skusky, nazov, max_pocet_bodov, cas_min, limit_percento, dokumentacia, literatura, jazyk) VALUES(49, 'Oracle 7c', 122, 88, 77, 'consequat cupidatat dolor ullamco eu ea occaecat tempor id occaeca', NULL, 'CZ');
INSERT INTO skuska(id_skusky, nazov, max_pocet_bodov, cas_min, limit_percento, dokumentacia, literatura, jazyk) VALUES(50, 'Oracle 11d', 175, 106, 74, 'aute commodo velit pariatur qui in officia pariatur lorem offici', 'culpa dolor ea nostrud veniam voluptate enim u', 'PL');
INSERT INTO skuska(id_skusky, nazov, max_pocet_bodov, cas_min, limit_percento, dokumentacia, literatura, jazyk) VALUES(51, 'Oracle 11c', 105, 77, 75, NULL, NULL, 'FR');
INSERT INTO skuska(id_skusky, nazov, max_pocet_bodov, cas_min, limit_percento, dokumentacia, literatura, jazyk) VALUES(52, 'Oracle 7a', 191, 99, 72, 'enim velit reprehenderit nulla in quis ad fugiat quis nostru', NULL, 'PL');
INSERT INTO skuska(id_skusky, nazov, max_pocet_bodov, cas_min, limit_percento, dokumentacia, literatura, jazyk) VALUES(53, 'Oracle 6c', 200, 38, 51, 'reprehenderit elit excepteur velit dolore ex pariatur voluptate dolor aliqu', NULL, 'EN');
INSERT INTO skuska(id_skusky, nazov, max_pocet_bodov, cas_min, limit_percento, dokumentacia, literatura, jazyk) VALUES(54, 'Oracle 8f', 179, 110, 62, NULL, 'esse dolor fugiat cillum dolor magna ut null', 'RUS');
INSERT INTO skuska(id_skusky, nazov, max_pocet_bodov, cas_min, limit_percento, dokumentacia, literatura, jazyk) VALUES(55, 'Oracle 12c', 101, 99, 61, 'in ea lorem et dolore velit dolore proident nisi incididun', 'magna mollit ea do dolor est laborum cupidata', 'FR');
INSERT INTO skuska(id_skusky, nazov, max_pocet_bodov, cas_min, limit_percento, dokumentacia, literatura, jazyk) VALUES(56, 'Oracle 6c', 100, 51, 86, 'mollit adipisicing incididunt ad est qui voluptate aute est u', 'cupidatat cillum exercitation enim ad ex sint ani', 'EN');
INSERT INTO skuska(id_skusky, nazov, max_pocet_bodov, cas_min, limit_percento, dokumentacia, literatura, jazyk) VALUES(57, 'Oracle 11f', 166, 100, 61, 'dolor esse exercitation in sunt incididunt ex aliqua qui e', 'ut dolor consequat laborum id incididunt enim u', 'CZ');
INSERT INTO skuska(id_skusky, nazov, max_pocet_bodov, cas_min, limit_percento, dokumentacia, literatura, jazyk) VALUES(58, 'Oracle 10b', 179, 82, 51, NULL, NULL, 'IT');
INSERT INTO skuska(id_skusky, nazov, max_pocet_bodov, cas_min, limit_percento, dokumentacia, literatura, jazyk) VALUES(59, 'Oracle 10a', 106, 78, 76, 'eu tempor officia excepteur quis culpa dolor ex ad qui', 'dolore laborum deserunt eiusmod dolor reprehenderit enim molli', 'RUS');
INSERT INTO skuska(id_skusky, nazov, max_pocet_bodov, cas_min, limit_percento, dokumentacia, literatura, jazyk) VALUES(60, 'Oracle 6c', 135, 56, 66, 'laborum cillum nulla est fugiat dolore exercitation aute proident consequa', 'consectetur ad pariatur exercitation culpa laborum ut se', 'IT');
INSERT INTO skuska(id_skusky, nazov, max_pocet_bodov, cas_min, limit_percento, dokumentacia, literatura, jazyk) VALUES(61, 'Oracle 11f', 144, 104, 72, 'laborum incididunt adipisicing laborum fugiat aute id nostrud laborum eni', 'aliquip duis labore ea dolor amet quis cupidata', 'FR');
INSERT INTO skuska(id_skusky, nazov, max_pocet_bodov, cas_min, limit_percento, dokumentacia, literatura, jazyk) VALUES(62, 'Oracle 7c', 144, 71, 75, 'deserunt ipsum commodo dolor dolore nulla mollit dolor qui eli', 'in officia quis nostrud magna aute velit mini', 'CZ');
INSERT INTO skuska(id_skusky, nazov, max_pocet_bodov, cas_min, limit_percento, dokumentacia, literatura, jazyk) VALUES(63, 'Oracle 8c', 177, 47, 73, NULL, 'velit nostrud enim excepteur esse id dolor labor', 'G');
INSERT INTO skuska(id_skusky, nazov, max_pocet_bodov, cas_min, limit_percento, dokumentacia, literatura, jazyk) VALUES(64, 'Oracle 10e', 100, 56, 88, NULL, 'ullamco ex qui do dolor do non nis', 'CZ');
INSERT INTO skuska(id_skusky, nazov, max_pocet_bodov, cas_min, limit_percento, dokumentacia, literatura, jazyk) VALUES(65, 'Oracle 6d', 178, 68, 85, NULL, 'in esse mollit id minim exercitation aliquip aut', 'CZ');
INSERT INTO skuska(id_skusky, nazov, max_pocet_bodov, cas_min, limit_percento, dokumentacia, literatura, jazyk) VALUES(66, 'Oracle 10a', 127, 49, 53, NULL, NULL, 'CZ');
INSERT INTO skuska(id_skusky, nazov, max_pocet_bodov, cas_min, limit_percento, dokumentacia, literatura, jazyk) VALUES(67, 'Oracle 6b', 136, 67, 63, 'voluptate sed in reprehenderit mollit incididunt ullamco est irure aut', NULL, 'SK');
INSERT INTO skuska(id_skusky, nazov, max_pocet_bodov, cas_min, limit_percento, dokumentacia, literatura, jazyk) VALUES(68, 'Oracle 12e', 126, 119, 74, 'ipsum occaecat ex commodo incididunt pariatur ut in occaecat dui', 'laboris ullamco nostrud commodo irure anim ullamco eli', 'FR');
INSERT INTO skuska(id_skusky, nazov, max_pocet_bodov, cas_min, limit_percento, dokumentacia, literatura, jazyk) VALUES(69, 'Oracle 12d', 172, 58, 84, NULL, 'aute magna excepteur eiusmod consectetur duis ut i', 'SK');
INSERT INTO skuska(id_skusky, nazov, max_pocet_bodov, cas_min, limit_percento, dokumentacia, literatura, jazyk) VALUES(70, 'Oracle 10b', 177, 45, 69, 'fugiat ea proident dolore dolor in esse esse ullamco aut', NULL, 'G');
INSERT INTO skuska(id_skusky, nazov, max_pocet_bodov, cas_min, limit_percento, dokumentacia, literatura, jazyk) VALUES(71, 'Oracle 7f', 161, 37, 57, 'cupidatat mollit dolor adipisicing pariatur laboris reprehenderit in eiusmod qu', 'officia quis non in duis dolor in pariatu', 'FR');
INSERT INTO skuska(id_skusky, nazov, max_pocet_bodov, cas_min, limit_percento, dokumentacia, literatura, jazyk) VALUES(72, 'Oracle 10c', 190, 97, 90, 'labore ut velit esse adipisicing ut in est cupidatat fugia', 'nostrud ut proident cupidatat enim non ut e', 'CZ');
INSERT INTO skuska(id_skusky, nazov, max_pocet_bodov, cas_min, limit_percento, dokumentacia, literatura, jazyk) VALUES(73, 'Oracle 9a', 111, 110, 55, 'nostrud commodo quis est duis excepteur minim sed aliquip magn', NULL, 'FR');
INSERT INTO skuska(id_skusky, nazov, max_pocet_bodov, cas_min, limit_percento, dokumentacia, literatura, jazyk) VALUES(74, 'Oracle 10b', 180, 74, 51, 'veniam dolor incididunt elit sunt laborum aliqua officia duis labor', NULL, 'EN');
INSERT INTO skuska(id_skusky, nazov, max_pocet_bodov, cas_min, limit_percento, dokumentacia, literatura, jazyk) VALUES(75, 'Oracle 8e', 143, 35, 89, NULL, NULL, 'EN');
INSERT INTO skuska(id_skusky, nazov, max_pocet_bodov, cas_min, limit_percento, dokumentacia, literatura, jazyk) VALUES(76, 'Oracle 10b', 158, 72, 88, 'labore laboris proident do lorem laboris ullamco sint velit adipisicin', NULL, 'FR');
INSERT INTO skuska(id_skusky, nazov, max_pocet_bodov, cas_min, limit_percento, dokumentacia, literatura, jazyk) VALUES(77, 'Oracle 11e', 168, 65, 79, NULL, NULL, 'CZ');
INSERT INTO skuska(id_skusky, nazov, max_pocet_bodov, cas_min, limit_percento, dokumentacia, literatura, jazyk) VALUES(78, 'Oracle 10f', 169, 60, 90, NULL, NULL, 'PL');
INSERT INTO skuska(id_skusky, nazov, max_pocet_bodov, cas_min, limit_percento, dokumentacia, literatura, jazyk) VALUES(79, 'Oracle 6b', 197, 78, 55, NULL, 'non labore dolore esse do consequat est occaeca', 'CZ');
INSERT INTO skuska(id_skusky, nazov, max_pocet_bodov, cas_min, limit_percento, dokumentacia, literatura, jazyk) VALUES(80, 'Oracle 10b', 136, 69, 60, 'duis do culpa fugiat ut culpa in sit ex offici', NULL, 'IT');
INSERT INTO skuska(id_skusky, nazov, max_pocet_bodov, cas_min, limit_percento, dokumentacia, literatura, jazyk) VALUES(81, 'Oracle 6f', 198, 46, 90, 'lorem esse et cupidatat adipisicing in reprehenderit dolor tempor e', 'in dolor mollit nisi incididunt lorem in qu', 'FR');
INSERT INTO skuska(id_skusky, nazov, max_pocet_bodov, cas_min, limit_percento, dokumentacia, literatura, jazyk) VALUES(82, 'Oracle 9f', 164, 48, 81, 'sunt consectetur voluptate amet elit reprehenderit occaecat dolore dolor magn', 'consectetur in pariatur magna veniam aute amet i', 'FR');
INSERT INTO skuska(id_skusky, nazov, max_pocet_bodov, cas_min, limit_percento, dokumentacia, literatura, jazyk) VALUES(83, 'Oracle 8c', 177, 53, 72, NULL, NULL, 'PL');
INSERT INTO skuska(id_skusky, nazov, max_pocet_bodov, cas_min, limit_percento, dokumentacia, literatura, jazyk) VALUES(84, 'Oracle 9f', 123, 104, 78, NULL, NULL, 'EN');
INSERT INTO skuska(id_skusky, nazov, max_pocet_bodov, cas_min, limit_percento, dokumentacia, literatura, jazyk) VALUES(85, 'Oracle 12d', 185, 73, 88, 'non labore labore cupidatat ad laborum dolore consequat laboris incididun', 'consequat fugiat esse dolor ad ut consequat si', 'EN');
INSERT INTO skuska(id_skusky, nazov, max_pocet_bodov, cas_min, limit_percento, dokumentacia, literatura, jazyk) VALUES(86, 'Oracle 9d', 143, 43, 69, 'esse ipsum ad cillum proident ex in fugiat consequat cillu', 'nulla sunt aute minim nulla aute ut se', 'G');
INSERT INTO skuska(id_skusky, nazov, max_pocet_bodov, cas_min, limit_percento, dokumentacia, literatura, jazyk) VALUES(87, 'Oracle 9a', 142, 92, 89, NULL, 'anim dolore tempor est consequat ex ea incididun', 'EN');
INSERT INTO skuska(id_skusky, nazov, max_pocet_bodov, cas_min, limit_percento, dokumentacia, literatura, jazyk) VALUES(88, 'Oracle 7d', 133, 93, 69, 'sit velit incididunt in ut commodo consectetur dolor cillum incididun', NULL, 'IT');
INSERT INTO skuska(id_skusky, nazov, max_pocet_bodov, cas_min, limit_percento, dokumentacia, literatura, jazyk) VALUES(89, 'Oracle 11e', 110, 85, 82, NULL, 'qui tempor ut anim in aliquip tempor laboru', 'PL');
INSERT INTO skuska(id_skusky, nazov, max_pocet_bodov, cas_min, limit_percento, dokumentacia, literatura, jazyk) VALUES(90, 'Oracle 6c', 114, 48, 83, 'irure voluptate exercitation sit voluptate nulla consequat proident id sun', NULL, 'EN');
INSERT INTO skuska(id_skusky, nazov, max_pocet_bodov, cas_min, limit_percento, dokumentacia, literatura, jazyk) VALUES(91, 'Oracle 9b', 200, 42, 59, 'qui qui ut nulla irure dolore excepteur eiusmod laborum u', NULL, 'FR');
INSERT INTO skuska(id_skusky, nazov, max_pocet_bodov, cas_min, limit_percento, dokumentacia, literatura, jazyk) VALUES(92, 'Oracle 6c', 105, 81, 82, NULL, 'officia excepteur excepteur labore ut et dolore adipisicin', 'PL');
INSERT INTO skuska(id_skusky, nazov, max_pocet_bodov, cas_min, limit_percento, dokumentacia, literatura, jazyk) VALUES(93, 'Oracle 6e', 172, 51, 90, 'dolore ad excepteur cillum proident labore sit deserunt ad dolor', 'do eiusmod nulla laboris dolore voluptate sunt aliqu', 'IT');
INSERT INTO skuska(id_skusky, nazov, max_pocet_bodov, cas_min, limit_percento, dokumentacia, literatura, jazyk) VALUES(94, 'Oracle 8c', 121, 62, 50, 'ut sunt duis laboris non dolor sunt dolor labore u', 'est ipsum sunt quis ut elit irure offici', 'G');
INSERT INTO skuska(id_skusky, nazov, max_pocet_bodov, cas_min, limit_percento, dokumentacia, literatura, jazyk) VALUES(95, 'Oracle 9f', 150, 59, 52, 'esse veniam exercitation nulla dolore proident do excepteur dolore proiden', 'dolor dolor ea aute ut eu sit dui', 'RUS');
INSERT INTO skuska(id_skusky, nazov, max_pocet_bodov, cas_min, limit_percento, dokumentacia, literatura, jazyk) VALUES(96, 'Oracle 9a', 108, 83, 72, 'eu commodo anim elit sed magna ullamco laboris dolore null', 'velit dolor sint nulla nisi ut officia ess', 'RUS');
INSERT INTO skuska(id_skusky, nazov, max_pocet_bodov, cas_min, limit_percento, dokumentacia, literatura, jazyk) VALUES(97, 'Oracle 7b', 190, 50, 72, 'proident laborum culpa commodo minim mollit in eu veniam i', NULL, 'G');
INSERT INTO skuska(id_skusky, nazov, max_pocet_bodov, cas_min, limit_percento, dokumentacia, literatura, jazyk) VALUES(98, 'Oracle 8e', 173, 71, 52, 'esse anim sit culpa ullamco consequat tempor nisi consectetur ani', 'laborum consequat enim adipisicing reprehenderit in commodo cupidata', 'G');
INSERT INTO skuska(id_skusky, nazov, max_pocet_bodov, cas_min, limit_percento, dokumentacia, literatura, jazyk) VALUES(99, 'Oracle 11e', 160, 45, 70, NULL, 'adipisicing velit sint proident in excepteur cupidatat pariatu', 'SK');
INSERT INTO skuska(id_skusky, nazov, max_pocet_bodov, cas_min, limit_percento, dokumentacia, literatura, jazyk) VALUES(100, 'Oracle 10f', 158, 56, 89, NULL, 'nisi dolore aliqua irure velit dolor occaecat sun', 'SK');

--### Generujem TÈmy ###

INSERT INTO tema(id_temy, nazov, popis) VALUES(1, 'TÈma1', 'Aute aute sint dolor in reprehenderit in voluptate velit esse cillum dolore eu fugiat consequat pariatur.Lorem ipsum dolor sit commodo eu adipisicing elit, laborum do cillum tempor incididunt ut labore exercitation dolore magna aliqua.Ut enim officia veniam, quis lorem exercitation ullamco laboris nisi ut aliquip ex ea commodo consequat.Ut ad minim veniam, quis nostrud exercitation ullamco ex dolor laborum aliquip ex ea commodo esse.Do esse dolor dolor do officia in officia velit anim cillum dolore eu nulla pariatur.Ut enim ad minim veniam, quis nostrud deserunt ullamco nisi ut aliquip ex ea in consequat.');
INSERT INTO tema(id_temy, nazov, popis) VALUES(2, 'TÈma2', NULL);
INSERT INTO tema(id_temy, nazov, popis) VALUES(3, 'TÈma3', 'Eiusmod mollit dolor in reprehenderit in voluptate dolor esse culpa dolore eu fugiat nulla pariatur.Esse ipsum laboris sit minim consectetur adipisicing elit, sed do eiusmod tempor in ut ex non dolore magna nulla.Excepteur sint occaecat cupidatat non sint sunt in incididunt qui deserunt commodo anim dolore est laborum.Lorem ipsum dolor sit amet, nostrud dolore elit, sed do eiusmod tempor incididunt laboris labore aliquip consequat ut aliqua.Excepteur sint occaecat cupidatat non proident, sunt aliquip culpa eu officia deserunt anim id est laborum.Ut enim ad minim veniam, quis nostrud exercitation ullamco sit nisi ut aliquip ea commodo consequat.Lorem nulla sit amet, consectetur adipisicing quis sed do enim tempor incididunt ut labore et dolore magna aliqua.');
INSERT INTO tema(id_temy, nazov, popis) VALUES(4, 'TÈma4', 'Excepteur consequat occaecat cupidatat non proident, sed velit culpa do officia ut nostrud anim id est labore.Excepteur sint occaecat cupidatat pariatur proident, sunt in culpa qui officia sed mollit adipisicing id est laborum.');
INSERT INTO tema(id_temy, nazov, popis) VALUES(5, 'TÈma5', 'Officia aute irure dolor in reprehenderit in cupidatat velit esse cillum lorem eu fugiat nulla ut.');
INSERT INTO tema(id_temy, nazov, popis) VALUES(6, 'TÈma6', NULL);
INSERT INTO tema(id_temy, nazov, popis) VALUES(7, 'TÈma7', NULL);
INSERT INTO tema(id_temy, nazov, popis) VALUES(8, 'TÈma8', 'Fugiat sint aute cupidatat non proident, sunt in culpa commodo excepteur deserunt mollit anim aute laborum.Qui aliqua dolor sit consequat consectetur adipisicing elit, do eiusmod tempor incididunt proident labore et dolore magna sed.Lorem dolor sit amet, sed adipisicing elit, sed labore eiusmod tempor nulla ut ex et dolore magna aliqua.Mollit aute enim dolor in voluptate do voluptate velit esse cillum exercitation aliquip tempor nulla pariatur.Ut enim ad laborum veniam, quis nostrud exercitation ullamco laboris nisi ut aliquip esse ea commodo excepteur.Velit sint amet proident non deserunt sunt in culpa qui officia proident mollit anim est laborum.Deserunt aute irure dolor veniam reprehenderit in velit esse eiusmod dolore eu fugiat qui commodo.');
INSERT INTO tema(id_temy, nazov, popis) VALUES(9, 'TÈma9', 'Ut magna ad ut sit quis nostrud exercitation ullamco amet nisi ut aliquip anim ea commodo consequat.Excepteur sint occaecat deserunt sunt dolore culpa qui reprehenderit do mollit velit id est laborum.Ut enim ad irure veniam, quis nostrud exercitation qui in nisi velit aliquip ex laborum consequat.Duis velit irure dolor in reprehenderit velit cillum dolore eu fugiat nulla pariatur.Excepteur sint occaecat non proident, tempor in culpa fugiat officia deserunt in laboris est dolor.Adipisicing aute irure proident reprehenderit laboris voluptate velit esse cillum in eu fugiat nulla pariatur.');
INSERT INTO tema(id_temy, nazov, popis) VALUES(10, 'TÈma10', NULL);
INSERT INTO tema(id_temy, nazov, popis) VALUES(11, 'TÈma11', 'Ut aliquip dolor sit consectetur ex cupidatat cillum ullamco eiusmod tempor incididunt ut labore sunt dolore magna aliqua.Lorem ipsum dolor aliquip consequat adipisicing eu incididunt do eiusmod tempor incididunt incididunt labore anim tempor magna irure.Culpa sint occaecat non proident, sunt in culpa cillum quis deserunt mollit anim id est ea.');
INSERT INTO tema(id_temy, nazov, popis) VALUES(12, 'TÈma12', NULL);
INSERT INTO tema(id_temy, nazov, popis) VALUES(13, 'TÈma13', NULL);
INSERT INTO tema(id_temy, nazov, popis) VALUES(14, 'TÈma14', NULL);
INSERT INTO tema(id_temy, nazov, popis) VALUES(15, 'TÈma15', NULL);
INSERT INTO tema(id_temy, nazov, popis) VALUES(16, 'TÈma16', 'Lorem nulla sit amet, consectetur adipisicing elit, sed ullamco tempor incididunt ut reprehenderit et fugiat magna aliqua.Ut enim ad minim veniam, magna adipisicing exercitation ullamco laboris nisi ut aliquip ex ea commodo Excepteur occaecat proident eu proident, sunt in culpa qui officia deserunt mollit laboris ad veniam laborum.Duis aute irure dolor in reprehenderit in voluptate velit esse cillum ut eu fugiat nulla Duis aute irure dolor pariatur reprehenderit commodo voluptate ad minim cillum dolore eu ut laborum pariatur.');
INSERT INTO tema(id_temy, nazov, popis) VALUES(17, 'TÈma17', NULL);
INSERT INTO tema(id_temy, nazov, popis) VALUES(18, 'TÈma18', NULL);
INSERT INTO tema(id_temy, nazov, popis) VALUES(19, 'TÈma19', NULL);
INSERT INTO tema(id_temy, nazov, popis) VALUES(20, 'TÈma20', 'Excepteur sint occaecat cupidatat non sed ex culpa qui officia deserunt mollit minim id est laborum.Ut enim ad minim veniam, lorem exercitation sint aliquip nisi non est officia ea nostrud Excepteur ut occaecat cupidatat sint consectetur in culpa qui officia deserunt mollit anim id incididunt laborum.Eiusmod enim minim minim veniam, do nostrud exercitation ullamco laboris nisi ut aliquip ex ea commodo consequat.Ut enim ad aliqua quis nostrud exercitation ullamco labore nisi excepteur aliquip ex ea commodo consequat.Adipisicing ipsum dolor sit amet, consectetur aute elit, sed do eiusmod tempor incididunt ut et dolore sint aliqua.');
INSERT INTO tema(id_temy, nazov, popis) VALUES(21, 'TÈma21', 'Excepteur occaecat cupidatat officia minim culpa proident officia velit anim id est laborum.Excepteur sint occaecat cupidatat non nulla sunt in culpa dolor quis deserunt mollit ex id est laborum.Nisi sint occaecat cupidatat non proident, sunt in culpa qui officia deserunt mollit anim anim est laborum.Culpa aliquip deserunt minim veniam, quis nostrud irure ullamco laboris nisi magna aliquip ex ea commodo consequat.Duis aute esse quis in anim in velit esse cillum ut eu fugiat nulla pariatur.Ex ipsum dolor sit amet, consectetur adipisicing eiusmod exercitation occaecat eiusmod tempor incididunt sit labore ex dolore veniam aliqua.Duis aute irure ad in reprehenderit et voluptate velit esse cillum dolore eu fugiat nulla pariatur.');
INSERT INTO tema(id_temy, nazov, popis) VALUES(22, 'TÈma22', NULL);
INSERT INTO tema(id_temy, nazov, popis) VALUES(23, 'TÈma23', 'Lorem ipsum sunt sit amet, consectetur adipisicing elit, sed do eiusmod deserunt aliqua eiusmod labore et dolore magna Duis aute irure dolor occaecat reprehenderit dolore magna velit incididunt ipsum dolore reprehenderit fugiat minim pariatur.');
INSERT INTO tema(id_temy, nazov, popis) VALUES(24, 'TÈma24', NULL);
INSERT INTO tema(id_temy, nazov, popis) VALUES(25, 'TÈma25', 'Commodo do ad minim veniam, quis nostrud exercitation ullamco laboris ea ut aliquip ex ea commodo consequat.Duis aute sint id in reprehenderit ex voluptate velit esse excepteur eu mollit ut laboris.Excepteur sint occaecat cupidatat non proident, sunt in culpa qui deserunt mollit anim laborum est ea.Duis cupidatat irure dolor in in voluptate velit esse laboris dolore eu fugiat nulla voluptate.Lorem ipsum dolor sit amet, consectetur adipisicing elit, sed excepteur eiusmod dolor incididunt dolor labore et dolore magna aliqua.');
INSERT INTO tema(id_temy, nazov, popis) VALUES(26, 'TÈma26', NULL);
INSERT INTO tema(id_temy, nazov, popis) VALUES(27, 'TÈma27', NULL);
INSERT INTO tema(id_temy, nazov, popis) VALUES(28, 'TÈma28', NULL);
INSERT INTO tema(id_temy, nazov, popis) VALUES(29, 'TÈma29', 'Duis enim ad pariatur veniam, quis laboris nisi in tempor ex ea commodo dolore.Duis aute quis dolor ipsum reprehenderit incididunt excepteur velit adipisicing cillum sit do fugiat nulla pariatur.Duis aute irure dolor in reprehenderit in ad velit esse cillum dolore eu in ut pariatur.Ut ut ad minim cillum quis exercitation anim labore nisi ut anim lorem ea dolor consequat.Excepteur consectetur mollit cupidatat non proident, sunt id culpa qui sunt dolore in id est non.');
INSERT INTO tema(id_temy, nazov, popis) VALUES(30, 'TÈma30', 'Lorem ipsum quis aliquip amet, consectetur sint elit, sed cupidatat eiusmod tempor incididunt ut officia et dolore magna aliqua.Aliquip enim ad minim veniam, quis nostrud cupidatat et nisi occaecat aliquip cupidatat ea commodo Ut enim ad minim culpa quis nostrud nulla ullamco laboris ullamco ut est ea enim consequat.Excepteur in occaecat cupidatat non proident, sunt in culpa qui cillum voluptate velit nostrud id est laborum.');

--### Generujem Typy certifik·tov ###

INSERT INTO typ_certifikatu(id_typu, nazov_typu, popis_typu) VALUES(1, 'Typ1', 'Lorem ipsum dolor sit consectetur adipisicing tempor laborum do eiusmod ullamco id ut ut et dolore magna aliqua.Lorem tempor dolor sit amet, consectetur adipisicing elit, sed eiusmod ad mollit ut labore et dolore labore aliqua.Lorem ipsum dolor ad amet, consectetur adipisicing elit, sed consectetur tempor ut pariatur et sit magna aliqua.Lorem dolor sit commodo consectetur magna elit, sed do eiusmod tempor voluptate ut labore et dolore magna aliqua.Excepteur sint et cupidatat non proident, sunt culpa culpa adipisicing deserunt mollit occaecat id est laborum.Velit aute fugiat dolor reprehenderit in voluptate velit esse ut dolore eu fugiat nulla pariatur.Occaecat enim ad minim amet quis nostrud exercitation ullamco minim nisi ut ad ex ad minim consequat.');
INSERT INTO typ_certifikatu(id_typu, nazov_typu, popis_typu) VALUES(2, 'Typ2', NULL);
INSERT INTO typ_certifikatu(id_typu, nazov_typu, popis_typu) VALUES(3, 'Typ3', NULL);
INSERT INTO typ_certifikatu(id_typu, nazov_typu, popis_typu) VALUES(4, 'Typ4', 'Duis aute non tempor in in voluptate velit esse cillum dolore eu fugiat est aliqua.Mollit sint occaecat cupidatat qui sunt sunt in culpa qui officia deserunt mollit anim in incididunt laborum.Duis irure dolor labore reprehenderit in voluptate velit esse cillum dolore eu fugiat nulla pariatur.Ut id aliquip veniam, quis esse exercitation ullamco laboris nisi ut aliquip ea cillum consequat.Excepteur sint occaecat cupidatat deserunt proident, sunt in consequat qui officia deserunt mollit anim est laborum.Duis aute occaecat in adipisicing in velit esse cillum dolore eu fugiat nulla minim.Exercitation ad minim veniam, ipsum nostrud exercitation ullamco laboris nisi aliquip excepteur ut commodo consequat.');
INSERT INTO typ_certifikatu(id_typu, nazov_typu, popis_typu) VALUES(5, 'Typ5', NULL);
INSERT INTO typ_certifikatu(id_typu, nazov_typu, popis_typu) VALUES(6, 'Typ6', 'Lorem qui dolor sit amet, veniam adipisicing elit, sed do eiusmod tempor incididunt ut labore et dolore magna officia.Excepteur occaecat cupidatat non aliquip sunt in exercitation qui laboris deserunt velit anim voluptate est laborum.Duis aute irure reprehenderit qui exercitation voluptate velit esse anim ea eu fugiat nulla pariatur.');
INSERT INTO typ_certifikatu(id_typu, nazov_typu, popis_typu) VALUES(7, 'Typ7', NULL);
INSERT INTO typ_certifikatu(id_typu, nazov_typu, popis_typu) VALUES(8, 'Typ8', 'Excepteur sint occaecat cupidatat non ut sunt in culpa officia ea mollit anim id est Elit sint occaecat cupidatat proident, sunt elit qui pariatur deserunt mollit anim id est aliquip.Duis aute irure dolor ut reprehenderit in voluptate eiusmod esse cillum dolore eu tempor eu.Est do dolor exercitation dolore consectetur adipisicing cillum anim do eiusmod tempor incididunt ut ut ex dolore cupidatat aliqua.Duis aute enim dolor in in voluptate velit esse cillum ad eu excepteur cillum non.');
INSERT INTO typ_certifikatu(id_typu, nazov_typu, popis_typu) VALUES(9, 'Typ9', NULL);
INSERT INTO typ_certifikatu(id_typu, nazov_typu, popis_typu) VALUES(10, 'Typ10', 'Excepteur sint occaecat nostrud et in magna ipsum id qui officia deserunt ut dolore est ex.In occaecat cupidatat elit proident, sunt reprehenderit culpa qui occaecat deserunt velit anim id voluptate laborum.Lorem laborum nostrud sit fugiat consectetur adipisicing elit, sed do eiusmod tempor incididunt ut labore et dolore magna veniam.Excepteur lorem occaecat cupidatat aliqua proident, sunt ea culpa qui dolor deserunt mollit anim voluptate est laborum.');

--### Generujem DB verzie ###

INSERT INTO db_verzia(id_verzie, nazov) VALUES(1, '6a');
INSERT INTO db_verzia(id_verzie, nazov) VALUES(2, '6b');
INSERT INTO db_verzia(id_verzie, nazov) VALUES(3, '6c');
INSERT INTO db_verzia(id_verzie, nazov) VALUES(4, '6d');
INSERT INTO db_verzia(id_verzie, nazov) VALUES(5, '6e');
INSERT INTO db_verzia(id_verzie, nazov) VALUES(6, '6f');
INSERT INTO db_verzia(id_verzie, nazov) VALUES(7, '6g');
INSERT INTO db_verzia(id_verzie, nazov) VALUES(8, '7a');
INSERT INTO db_verzia(id_verzie, nazov) VALUES(9, '7b');
INSERT INTO db_verzia(id_verzie, nazov) VALUES(10, '7c');
INSERT INTO db_verzia(id_verzie, nazov) VALUES(11, '7d');
INSERT INTO db_verzia(id_verzie, nazov) VALUES(12, '7e');
INSERT INTO db_verzia(id_verzie, nazov) VALUES(13, '7f');
INSERT INTO db_verzia(id_verzie, nazov) VALUES(14, '7g');
INSERT INTO db_verzia(id_verzie, nazov) VALUES(15, '8a');
INSERT INTO db_verzia(id_verzie, nazov) VALUES(16, '8b');
INSERT INTO db_verzia(id_verzie, nazov) VALUES(17, '8c');
INSERT INTO db_verzia(id_verzie, nazov) VALUES(18, '8d');
INSERT INTO db_verzia(id_verzie, nazov) VALUES(19, '8e');
INSERT INTO db_verzia(id_verzie, nazov) VALUES(20, '8f');
INSERT INTO db_verzia(id_verzie, nazov) VALUES(21, '8g');
INSERT INTO db_verzia(id_verzie, nazov) VALUES(22, '9a');
INSERT INTO db_verzia(id_verzie, nazov) VALUES(23, '9b');
INSERT INTO db_verzia(id_verzie, nazov) VALUES(24, '9c');
INSERT INTO db_verzia(id_verzie, nazov) VALUES(25, '9d');
INSERT INTO db_verzia(id_verzie, nazov) VALUES(26, '9e');
INSERT INTO db_verzia(id_verzie, nazov) VALUES(27, '9f');
INSERT INTO db_verzia(id_verzie, nazov) VALUES(28, '9g');
INSERT INTO db_verzia(id_verzie, nazov) VALUES(29, '10a');
INSERT INTO db_verzia(id_verzie, nazov) VALUES(30, '10b');
INSERT INTO db_verzia(id_verzie, nazov) VALUES(31, '10c');
INSERT INTO db_verzia(id_verzie, nazov) VALUES(32, '10d');
INSERT INTO db_verzia(id_verzie, nazov) VALUES(33, '10e');
INSERT INTO db_verzia(id_verzie, nazov) VALUES(34, '10f');
INSERT INTO db_verzia(id_verzie, nazov) VALUES(35, '10g');
INSERT INTO db_verzia(id_verzie, nazov) VALUES(36, '11a');
INSERT INTO db_verzia(id_verzie, nazov) VALUES(37, '11b');
INSERT INTO db_verzia(id_verzie, nazov) VALUES(38, '11c');
INSERT INTO db_verzia(id_verzie, nazov) VALUES(39, '11d');
INSERT INTO db_verzia(id_verzie, nazov) VALUES(40, '11e');
INSERT INTO db_verzia(id_verzie, nazov) VALUES(41, '11f');
INSERT INTO db_verzia(id_verzie, nazov) VALUES(42, '11g');
INSERT INTO db_verzia(id_verzie, nazov) VALUES(43, '12a');
INSERT INTO db_verzia(id_verzie, nazov) VALUES(44, '12b');
INSERT INTO db_verzia(id_verzie, nazov) VALUES(45, '12c');
INSERT INTO db_verzia(id_verzie, nazov) VALUES(46, '12d');
INSERT INTO db_verzia(id_verzie, nazov) VALUES(47, '12e');
INSERT INTO db_verzia(id_verzie, nazov) VALUES(48, '12f');
INSERT INTO db_verzia(id_verzie, nazov) VALUES(49, '12g');

--### Generujem CertifikaËnÈ levely ###

INSERT INTO cert_level(id_levelu, nazov) VALUES(1, 'A');
INSERT INTO cert_level(id_levelu, nazov) VALUES(2, 'B');
INSERT INTO cert_level(id_levelu, nazov) VALUES(3, 'C');
INSERT INTO cert_level(id_levelu, nazov) VALUES(4, 'D');
INSERT INTO cert_level(id_levelu, nazov) VALUES(5, 'E');

--### Generujem Typy dodatocnej podmienky ###

INSERT INTO typ_dodatocnej_podmienky(id_typu_podmienky, nazov) VALUES(1, 'Typ1');
INSERT INTO typ_dodatocnej_podmienky(id_typu_podmienky, nazov) VALUES(2, 'Typ2');
INSERT INTO typ_dodatocnej_podmienky(id_typu_podmienky, nazov) VALUES(3, 'Typ3');
INSERT INTO typ_dodatocnej_podmienky(id_typu_podmienky, nazov) VALUES(4, 'Typ4');
INSERT INTO typ_dodatocnej_podmienky(id_typu_podmienky, nazov) VALUES(5, 'Typ5');
INSERT INTO typ_dodatocnej_podmienky(id_typu_podmienky, nazov) VALUES(6, 'Typ6');
INSERT INTO typ_dodatocnej_podmienky(id_typu_podmienky, nazov) VALUES(7, 'Typ7');
INSERT INTO typ_dodatocnej_podmienky(id_typu_podmienky, nazov) VALUES(8, 'Typ8');
INSERT INTO typ_dodatocnej_podmienky(id_typu_podmienky, nazov) VALUES(9, 'Typ9');
INSERT INTO typ_dodatocnej_podmienky(id_typu_podmienky, nazov) VALUES(10, 'Typ10');

--### Generujem Certifikaty ###

INSERT INTO certifikat(id_certifikatu, id_levelu, id_typu, id_verzie, doba_platnosti) VALUES(1, 4, 4, 12, 7);
INSERT INTO certifikat(id_certifikatu, id_levelu, id_typu, id_verzie, doba_platnosti) VALUES(2, 5, 6, 45, 1);
INSERT INTO certifikat(id_certifikatu, id_levelu, id_typu, id_verzie, doba_platnosti) VALUES(3, 1, 1, 46, 9);
INSERT INTO certifikat(id_certifikatu, id_levelu, id_typu, id_verzie, doba_platnosti) VALUES(4, 1, 3, 49, 1);
INSERT INTO certifikat(id_certifikatu, id_levelu, id_typu, id_verzie, doba_platnosti) VALUES(5, 5, 7, 45, 6);
INSERT INTO certifikat(id_certifikatu, id_levelu, id_typu, id_verzie, doba_platnosti) VALUES(6, 1, 2, 11, 9);
INSERT INTO certifikat(id_certifikatu, id_levelu, id_typu, id_verzie, doba_platnosti) VALUES(7, 5, 10, 44, 10);
INSERT INTO certifikat(id_certifikatu, id_levelu, id_typu, id_verzie, doba_platnosti) VALUES(8, 2, 3, 14, 3);
INSERT INTO certifikat(id_certifikatu, id_levelu, id_typu, id_verzie, doba_platnosti) VALUES(9, 5, 6, 16, 6);
INSERT INTO certifikat(id_certifikatu, id_levelu, id_typu, id_verzie, doba_platnosti) VALUES(10, 3, 5, 15, 9);

--### Generujem Pon˙kanÈ sk˙öky ###

INSERT INTO ponukane_skusky(id_skusky, id_mesta, id_firmy, datum, dodatocne_umiestnenie, kapacita, cena) VALUES(43, 1, 8, TO_DATE('2015/03/21 00:36:15', 'yyyy/mm/dd hh24:mi:ss'), 'Poschodie: 4 »Ìslo miestnosti: 12', 19, 196);
INSERT INTO ponukane_skusky(id_skusky, id_mesta, id_firmy, datum, dodatocne_umiestnenie, kapacita, cena) VALUES(75, 5, 59, TO_DATE('2015/03/07 09:09:43', 'yyyy/mm/dd hh24:mi:ss'), 'Poschodie: 3 »Ìslo miestnosti: 27', 45, 123);
INSERT INTO ponukane_skusky(id_skusky, id_mesta, id_firmy, datum, dodatocne_umiestnenie, kapacita, cena) VALUES(32, 3, 70, TO_DATE('2015/11/10 16:51:28', 'yyyy/mm/dd hh24:mi:ss'), 'Poschodie: 2 »Ìslo miestnosti: 12', 41, 328);
INSERT INTO ponukane_skusky(id_skusky, id_mesta, id_firmy, datum, dodatocne_umiestnenie, kapacita, cena) VALUES(86, 25, 52, TO_DATE('2015/07/01 15:11:16', 'yyyy/mm/dd hh24:mi:ss'), 'Poschodie: 2 »Ìslo miestnosti: 19', 16, 124);
INSERT INTO ponukane_skusky(id_skusky, id_mesta, id_firmy, datum, dodatocne_umiestnenie, kapacita, cena) VALUES(62, 10, 24, TO_DATE('2015/11/04 09:26:58', 'yyyy/mm/dd hh24:mi:ss'), 'Poschodie: 4 »Ìslo miestnosti: 25', 16, 273);
INSERT INTO ponukane_skusky(id_skusky, id_mesta, id_firmy, datum, dodatocne_umiestnenie, kapacita, cena) VALUES(74, 6, 47, TO_DATE('2015/12/16 12:37:31', 'yyyy/mm/dd hh24:mi:ss'), 'Poschodie: 1 »Ìslo miestnosti: 2', 39, 392);
INSERT INTO ponukane_skusky(id_skusky, id_mesta, id_firmy, datum, dodatocne_umiestnenie, kapacita, cena) VALUES(79, 3, 43, TO_DATE('2015/06/12 23:27:53', 'yyyy/mm/dd hh24:mi:ss'), 'Poschodie: 4 »Ìslo miestnosti: 17', 49, 337);
INSERT INTO ponukane_skusky(id_skusky, id_mesta, id_firmy, datum, dodatocne_umiestnenie, kapacita, cena) VALUES(73, 19, 2, TO_DATE('2015/02/03 22:22:16', 'yyyy/mm/dd hh24:mi:ss'), 'Poschodie: 4 »Ìslo miestnosti: 10', 38, 202);
INSERT INTO ponukane_skusky(id_skusky, id_mesta, id_firmy, datum, dodatocne_umiestnenie, kapacita, cena) VALUES(30, 10, 5, TO_DATE('2015/02/04 19:14:11', 'yyyy/mm/dd hh24:mi:ss'), 'Poschodie: 4 »Ìslo miestnosti: 27', 15, 218);
INSERT INTO ponukane_skusky(id_skusky, id_mesta, id_firmy, datum, dodatocne_umiestnenie, kapacita, cena) VALUES(31, 25, 29, TO_DATE('2015/01/01 12:04:37', 'yyyy/mm/dd hh24:mi:ss'), 'Poschodie: 3 »Ìslo miestnosti: 16', 38, 331);
INSERT INTO ponukane_skusky(id_skusky, id_mesta, id_firmy, datum, dodatocne_umiestnenie, kapacita, cena) VALUES(100, 25, 60, TO_DATE('2015/06/20 02:28:38', 'yyyy/mm/dd hh24:mi:ss'), 'Poschodie: 3 »Ìslo miestnosti: 8', 29, 114);
INSERT INTO ponukane_skusky(id_skusky, id_mesta, id_firmy, datum, dodatocne_umiestnenie, kapacita, cena) VALUES(52, 12, 92, TO_DATE('2015/10/26 05:59:45', 'yyyy/mm/dd hh24:mi:ss'), 'Poschodie: 1 »Ìslo miestnosti: 17', 47, 433);
INSERT INTO ponukane_skusky(id_skusky, id_mesta, id_firmy, datum, dodatocne_umiestnenie, kapacita, cena) VALUES(34, 20, 75, TO_DATE('2015/05/17 18:40:09', 'yyyy/mm/dd hh24:mi:ss'), 'Poschodie: 1 »Ìslo miestnosti: 26', 27, 93);
INSERT INTO ponukane_skusky(id_skusky, id_mesta, id_firmy, datum, dodatocne_umiestnenie, kapacita, cena) VALUES(93, 11, 81, TO_DATE('2015/02/17 07:10:49', 'yyyy/mm/dd hh24:mi:ss'), 'Poschodie: 3 »Ìslo miestnosti: 2', 24, 241);
INSERT INTO ponukane_skusky(id_skusky, id_mesta, id_firmy, datum, dodatocne_umiestnenie, kapacita, cena) VALUES(96, 7, 21, TO_DATE('2015/03/14 11:44:10', 'yyyy/mm/dd hh24:mi:ss'), 'Poschodie: 3 »Ìslo miestnosti: 10', 18, 169);
INSERT INTO ponukane_skusky(id_skusky, id_mesta, id_firmy, datum, dodatocne_umiestnenie, kapacita, cena) VALUES(46, 11, 35, TO_DATE('2015/05/16 16:52:14', 'yyyy/mm/dd hh24:mi:ss'), 'Poschodie: 3 »Ìslo miestnosti: 15', 17, 89);
INSERT INTO ponukane_skusky(id_skusky, id_mesta, id_firmy, datum, dodatocne_umiestnenie, kapacita, cena) VALUES(42, 12, 99, TO_DATE('2015/10/23 03:20:28', 'yyyy/mm/dd hh24:mi:ss'), 'Poschodie: 4 »Ìslo miestnosti: 10', 18, 81);
INSERT INTO ponukane_skusky(id_skusky, id_mesta, id_firmy, datum, dodatocne_umiestnenie, kapacita, cena) VALUES(48, 12, 28, TO_DATE('2015/07/27 08:56:16', 'yyyy/mm/dd hh24:mi:ss'), 'Poschodie: 2 »Ìslo miestnosti: 28', 39, 259);
INSERT INTO ponukane_skusky(id_skusky, id_mesta, id_firmy, datum, dodatocne_umiestnenie, kapacita, cena) VALUES(62, 22, 13, TO_DATE('2015/01/08 00:13:10', 'yyyy/mm/dd hh24:mi:ss'), 'Poschodie: 3 »Ìslo miestnosti: 2', 34, 73);
INSERT INTO ponukane_skusky(id_skusky, id_mesta, id_firmy, datum, dodatocne_umiestnenie, kapacita, cena) VALUES(67, 7, 43, TO_DATE('2015/01/22 20:46:31', 'yyyy/mm/dd hh24:mi:ss'), 'Poschodie: 2 »Ìslo miestnosti: 1', 32, 197);
INSERT INTO ponukane_skusky(id_skusky, id_mesta, id_firmy, datum, dodatocne_umiestnenie, kapacita, cena) VALUES(91, 3, 16, TO_DATE('2015/02/21 00:15:57', 'yyyy/mm/dd hh24:mi:ss'), 'Poschodie: 4 »Ìslo miestnosti: 14', 48, 221);
INSERT INTO ponukane_skusky(id_skusky, id_mesta, id_firmy, datum, dodatocne_umiestnenie, kapacita, cena) VALUES(56, 9, 73, TO_DATE('2015/04/18 11:16:45', 'yyyy/mm/dd hh24:mi:ss'), 'Poschodie: 2 »Ìslo miestnosti: 16', 34, 398);
INSERT INTO ponukane_skusky(id_skusky, id_mesta, id_firmy, datum, dodatocne_umiestnenie, kapacita, cena) VALUES(90, 13, 17, TO_DATE('2015/12/16 03:38:17', 'yyyy/mm/dd hh24:mi:ss'), 'Poschodie: 2 »Ìslo miestnosti: 23', 12, 253);
INSERT INTO ponukane_skusky(id_skusky, id_mesta, id_firmy, datum, dodatocne_umiestnenie, kapacita, cena) VALUES(79, 9, 91, TO_DATE('2015/11/19 04:05:33', 'yyyy/mm/dd hh24:mi:ss'), 'Poschodie: 3 »Ìslo miestnosti: 25', 40, 268);
INSERT INTO ponukane_skusky(id_skusky, id_mesta, id_firmy, datum, dodatocne_umiestnenie, kapacita, cena) VALUES(12, 19, 23, TO_DATE('2015/05/09 07:07:47', 'yyyy/mm/dd hh24:mi:ss'), 'Poschodie: 1 »Ìslo miestnosti: 29', 25, 295);
INSERT INTO ponukane_skusky(id_skusky, id_mesta, id_firmy, datum, dodatocne_umiestnenie, kapacita, cena) VALUES(73, 9, 89, TO_DATE('2015/09/03 04:31:53', 'yyyy/mm/dd hh24:mi:ss'), 'Poschodie: 1 »Ìslo miestnosti: 17', 44, 88);
INSERT INTO ponukane_skusky(id_skusky, id_mesta, id_firmy, datum, dodatocne_umiestnenie, kapacita, cena) VALUES(17, 3, 56, TO_DATE('2015/08/07 10:38:43', 'yyyy/mm/dd hh24:mi:ss'), 'Poschodie: 2 »Ìslo miestnosti: 21', 28, 74);
INSERT INTO ponukane_skusky(id_skusky, id_mesta, id_firmy, datum, dodatocne_umiestnenie, kapacita, cena) VALUES(95, 2, 60, TO_DATE('2015/08/09 11:50:28', 'yyyy/mm/dd hh24:mi:ss'), 'Poschodie: 1 »Ìslo miestnosti: 12', 29, 99);
INSERT INTO ponukane_skusky(id_skusky, id_mesta, id_firmy, datum, dodatocne_umiestnenie, kapacita, cena) VALUES(33, 5, 40, TO_DATE('2015/10/25 19:05:47', 'yyyy/mm/dd hh24:mi:ss'), 'Poschodie: 2 »Ìslo miestnosti: 25', 34, 210);
INSERT INTO ponukane_skusky(id_skusky, id_mesta, id_firmy, datum, dodatocne_umiestnenie, kapacita, cena) VALUES(36, 4, 16, TO_DATE('2015/10/22 16:02:19', 'yyyy/mm/dd hh24:mi:ss'), 'Poschodie: 4 »Ìslo miestnosti: 24', 43, 494);
INSERT INTO ponukane_skusky(id_skusky, id_mesta, id_firmy, datum, dodatocne_umiestnenie, kapacita, cena) VALUES(73, 8, 43, TO_DATE('2015/01/21 08:03:37', 'yyyy/mm/dd hh24:mi:ss'), 'Poschodie: 1 »Ìslo miestnosti: 30', 22, 103);
INSERT INTO ponukane_skusky(id_skusky, id_mesta, id_firmy, datum, dodatocne_umiestnenie, kapacita, cena) VALUES(94, 19, 97, TO_DATE('2015/06/26 15:51:46', 'yyyy/mm/dd hh24:mi:ss'), 'Poschodie: 3 »Ìslo miestnosti: 2', 45, 442);
INSERT INTO ponukane_skusky(id_skusky, id_mesta, id_firmy, datum, dodatocne_umiestnenie, kapacita, cena) VALUES(2, 21, 62, TO_DATE('2015/03/25 00:41:56', 'yyyy/mm/dd hh24:mi:ss'), 'Poschodie: 2 »Ìslo miestnosti: 4', 24, 488);
INSERT INTO ponukane_skusky(id_skusky, id_mesta, id_firmy, datum, dodatocne_umiestnenie, kapacita, cena) VALUES(24, 5, 1, TO_DATE('2015/02/22 17:59:24', 'yyyy/mm/dd hh24:mi:ss'), 'Poschodie: 4 »Ìslo miestnosti: 16', 33, 194);
INSERT INTO ponukane_skusky(id_skusky, id_mesta, id_firmy, datum, dodatocne_umiestnenie, kapacita, cena) VALUES(88, 16, 29, TO_DATE('2015/07/18 10:12:02', 'yyyy/mm/dd hh24:mi:ss'), 'Poschodie: 3 »Ìslo miestnosti: 25', 46, 344);
INSERT INTO ponukane_skusky(id_skusky, id_mesta, id_firmy, datum, dodatocne_umiestnenie, kapacita, cena) VALUES(92, 21, 79, TO_DATE('2015/10/19 12:26:46', 'yyyy/mm/dd hh24:mi:ss'), 'Poschodie: 1 »Ìslo miestnosti: 5', 36, 174);
INSERT INTO ponukane_skusky(id_skusky, id_mesta, id_firmy, datum, dodatocne_umiestnenie, kapacita, cena) VALUES(76, 24, 46, TO_DATE('2015/11/23 19:40:18', 'yyyy/mm/dd hh24:mi:ss'), 'Poschodie: 2 »Ìslo miestnosti: 29', 46, 289);
INSERT INTO ponukane_skusky(id_skusky, id_mesta, id_firmy, datum, dodatocne_umiestnenie, kapacita, cena) VALUES(94, 21, 21, TO_DATE('2015/11/25 05:15:43', 'yyyy/mm/dd hh24:mi:ss'), 'Poschodie: 1 »Ìslo miestnosti: 30', 29, 114);
INSERT INTO ponukane_skusky(id_skusky, id_mesta, id_firmy, datum, dodatocne_umiestnenie, kapacita, cena) VALUES(50, 4, 11, TO_DATE('2015/09/01 02:37:47', 'yyyy/mm/dd hh24:mi:ss'), 'Poschodie: 4 »Ìslo miestnosti: 2', 17, 276);
INSERT INTO ponukane_skusky(id_skusky, id_mesta, id_firmy, datum, dodatocne_umiestnenie, kapacita, cena) VALUES(86, 5, 22, TO_DATE('2015/04/04 04:57:49', 'yyyy/mm/dd hh24:mi:ss'), 'Poschodie: 1 »Ìslo miestnosti: 1', 14, 266);
INSERT INTO ponukane_skusky(id_skusky, id_mesta, id_firmy, datum, dodatocne_umiestnenie, kapacita, cena) VALUES(6, 24, 95, TO_DATE('2015/01/13 22:56:14', 'yyyy/mm/dd hh24:mi:ss'), 'Poschodie: 4 »Ìslo miestnosti: 29', 34, 60);
INSERT INTO ponukane_skusky(id_skusky, id_mesta, id_firmy, datum, dodatocne_umiestnenie, kapacita, cena) VALUES(33, 14, 15, TO_DATE('2015/03/21 23:07:48', 'yyyy/mm/dd hh24:mi:ss'), 'Poschodie: 4 »Ìslo miestnosti: 30', 42, 86);
INSERT INTO ponukane_skusky(id_skusky, id_mesta, id_firmy, datum, dodatocne_umiestnenie, kapacita, cena) VALUES(65, 17, 9, TO_DATE('2015/09/27 14:18:43', 'yyyy/mm/dd hh24:mi:ss'), 'Poschodie: 1 »Ìslo miestnosti: 20', 29, 207);
INSERT INTO ponukane_skusky(id_skusky, id_mesta, id_firmy, datum, dodatocne_umiestnenie, kapacita, cena) VALUES(91, 3, 57, TO_DATE('2015/08/04 12:30:53', 'yyyy/mm/dd hh24:mi:ss'), 'Poschodie: 3 »Ìslo miestnosti: 29', 48, 350);
INSERT INTO ponukane_skusky(id_skusky, id_mesta, id_firmy, datum, dodatocne_umiestnenie, kapacita, cena) VALUES(68, 6, 5, TO_DATE('2015/07/08 15:26:39', 'yyyy/mm/dd hh24:mi:ss'), 'Poschodie: 2 »Ìslo miestnosti: 3', 32, 297);
INSERT INTO ponukane_skusky(id_skusky, id_mesta, id_firmy, datum, dodatocne_umiestnenie, kapacita, cena) VALUES(85, 1, 39, TO_DATE('2015/07/19 19:13:55', 'yyyy/mm/dd hh24:mi:ss'), 'Poschodie: 4 »Ìslo miestnosti: 2', 46, 353);
INSERT INTO ponukane_skusky(id_skusky, id_mesta, id_firmy, datum, dodatocne_umiestnenie, kapacita, cena) VALUES(23, 18, 81, TO_DATE('2015/01/12 08:15:10', 'yyyy/mm/dd hh24:mi:ss'), 'Poschodie: 3 »Ìslo miestnosti: 4', 28, 450);
INSERT INTO ponukane_skusky(id_skusky, id_mesta, id_firmy, datum, dodatocne_umiestnenie, kapacita, cena) VALUES(47, 13, 8, TO_DATE('2015/09/21 17:43:01', 'yyyy/mm/dd hh24:mi:ss'), 'Poschodie: 4 »Ìslo miestnosti: 16', 14, 119);
INSERT INTO ponukane_skusky(id_skusky, id_mesta, id_firmy, datum, dodatocne_umiestnenie, kapacita, cena) VALUES(87, 12, 25, TO_DATE('2015/03/08 16:15:38', 'yyyy/mm/dd hh24:mi:ss'), 'Poschodie: 1 »Ìslo miestnosti: 16', 12, 254);
INSERT INTO ponukane_skusky(id_skusky, id_mesta, id_firmy, datum, dodatocne_umiestnenie, kapacita, cena) VALUES(54, 21, 31, TO_DATE('2015/08/18 13:27:30', 'yyyy/mm/dd hh24:mi:ss'), 'Poschodie: 4 »Ìslo miestnosti: 30', 28, 415);

--### Generujem Registr·cie na sk˙öky ###

INSERT INTO registracia_na_skusku(rod_cislo, id_mesta, id_firmy, id_skusky, datum, datum_registracie, datum_zrusenia, datum_zaplatenia, uctovana_cena, pocet_ziskanych_bodov) VALUES('4452382315', 21, 79, 92, TO_DATE('2015/10/19 12:26:46', 'yyyy/mm/dd hh24:mi:ss'), TO_DATE('2014/10/09 15:21:11', 'yyyy/mm/dd hh24:mi:ss'), NULL, NULL, NULL, NULL);
INSERT INTO registracia_na_skusku(rod_cislo, id_mesta, id_firmy, id_skusky, datum, datum_registracie, datum_zrusenia, datum_zaplatenia, uctovana_cena, pocet_ziskanych_bodov) VALUES('1301110918', 5, 40, 33, TO_DATE('2015/10/25 19:05:47', 'yyyy/mm/dd hh24:mi:ss'), TO_DATE('2014/01/21 07:36:34', 'yyyy/mm/dd hh24:mi:ss'), NULL, NULL, NULL, NULL);
INSERT INTO registracia_na_skusku(rod_cislo, id_mesta, id_firmy, id_skusky, datum, datum_registracie, datum_zrusenia, datum_zaplatenia, uctovana_cena, pocet_ziskanych_bodov) VALUES('6009252983', 3, 56, 17, TO_DATE('2015/08/07 10:38:43', 'yyyy/mm/dd hh24:mi:ss'), TO_DATE('2014/09/27 08:45:31', 'yyyy/mm/dd hh24:mi:ss'), NULL, NULL, NULL, NULL);
INSERT INTO registracia_na_skusku(rod_cislo, id_mesta, id_firmy, id_skusky, datum, datum_registracie, datum_zrusenia, datum_zaplatenia, uctovana_cena, pocet_ziskanych_bodov) VALUES('8460130716', 2, 60, 95, TO_DATE('2015/08/09 11:50:28', 'yyyy/mm/dd hh24:mi:ss'), TO_DATE('2014/07/23 15:59:32', 'yyyy/mm/dd hh24:mi:ss'), NULL, NULL, NULL, NULL);
INSERT INTO registracia_na_skusku(rod_cislo, id_mesta, id_firmy, id_skusky, datum, datum_registracie, datum_zrusenia, datum_zaplatenia, uctovana_cena, pocet_ziskanych_bodov) VALUES('9903247583', 10, 5, 30, TO_DATE('2015/02/04 19:14:11', 'yyyy/mm/dd hh24:mi:ss'), TO_DATE('2014/09/02 10:11:17', 'yyyy/mm/dd hh24:mi:ss'), NULL, NULL, NULL, NULL);
INSERT INTO registracia_na_skusku(rod_cislo, id_mesta, id_firmy, id_skusky, datum, datum_registracie, datum_zrusenia, datum_zaplatenia, uctovana_cena, pocet_ziskanych_bodov) VALUES('0403292843', 21, 79, 92, TO_DATE('2015/10/19 12:26:46', 'yyyy/mm/dd hh24:mi:ss'), TO_DATE('2014/01/07 03:09:14', 'yyyy/mm/dd hh24:mi:ss'), NULL, NULL, NULL, NULL);
INSERT INTO registracia_na_skusku(rod_cislo, id_mesta, id_firmy, id_skusky, datum, datum_registracie, datum_zrusenia, datum_zaplatenia, uctovana_cena, pocet_ziskanych_bodov) VALUES('9053259573', 13, 17, 90, TO_DATE('2015/12/16 03:38:17', 'yyyy/mm/dd hh24:mi:ss'), TO_DATE('2014/06/23 12:11:37', 'yyyy/mm/dd hh24:mi:ss'), NULL, NULL, NULL, NULL);
INSERT INTO registracia_na_skusku(rod_cislo, id_mesta, id_firmy, id_skusky, datum, datum_registracie, datum_zrusenia, datum_zaplatenia, uctovana_cena, pocet_ziskanych_bodov) VALUES('7404223202', 13, 17, 90, TO_DATE('2015/12/16 03:38:17', 'yyyy/mm/dd hh24:mi:ss'), TO_DATE('2014/08/15 21:26:17', 'yyyy/mm/dd hh24:mi:ss'), NULL, NULL, NULL, NULL);
INSERT INTO registracia_na_skusku(rod_cislo, id_mesta, id_firmy, id_skusky, datum, datum_registracie, datum_zrusenia, datum_zaplatenia, uctovana_cena, pocet_ziskanych_bodov) VALUES('4312268881', 8, 43, 73, TO_DATE('2015/01/21 08:03:37', 'yyyy/mm/dd hh24:mi:ss'), TO_DATE('2014/11/07 23:58:15', 'yyyy/mm/dd hh24:mi:ss'), NULL, NULL, NULL, NULL);
INSERT INTO registracia_na_skusku(rod_cislo, id_mesta, id_firmy, id_skusky, datum, datum_registracie, datum_zrusenia, datum_zaplatenia, uctovana_cena, pocet_ziskanych_bodov) VALUES('5601253370', 6, 47, 74, TO_DATE('2015/12/16 12:37:31', 'yyyy/mm/dd hh24:mi:ss'), TO_DATE('2014/11/25 17:27:55', 'yyyy/mm/dd hh24:mi:ss'), NULL, NULL, NULL, NULL);
INSERT INTO registracia_na_skusku(rod_cislo, id_mesta, id_firmy, id_skusky, datum, datum_registracie, datum_zrusenia, datum_zaplatenia, uctovana_cena, pocet_ziskanych_bodov) VALUES('4853082241', 3, 57, 91, TO_DATE('2015/08/04 12:30:53', 'yyyy/mm/dd hh24:mi:ss'), TO_DATE('2014/10/22 00:57:33', 'yyyy/mm/dd hh24:mi:ss'), NULL, NULL, NULL, NULL);
INSERT INTO registracia_na_skusku(rod_cislo, id_mesta, id_firmy, id_skusky, datum, datum_registracie, datum_zrusenia, datum_zaplatenia, uctovana_cena, pocet_ziskanych_bodov) VALUES('9201046269', 11, 81, 93, TO_DATE('2015/02/17 07:10:49', 'yyyy/mm/dd hh24:mi:ss'), TO_DATE('2014/09/26 04:50:53', 'yyyy/mm/dd hh24:mi:ss'), NULL, NULL, NULL, NULL);
INSERT INTO registracia_na_skusku(rod_cislo, id_mesta, id_firmy, id_skusky, datum, datum_registracie, datum_zrusenia, datum_zaplatenia, uctovana_cena, pocet_ziskanych_bodov) VALUES('7956187830', 13, 17, 90, TO_DATE('2015/12/16 03:38:17', 'yyyy/mm/dd hh24:mi:ss'), TO_DATE('2014/11/01 00:50:08', 'yyyy/mm/dd hh24:mi:ss'), NULL, NULL, NULL, NULL);
INSERT INTO registracia_na_skusku(rod_cislo, id_mesta, id_firmy, id_skusky, datum, datum_registracie, datum_zrusenia, datum_zaplatenia, uctovana_cena, pocet_ziskanych_bodov) VALUES('8603361688', 21, 31, 54, TO_DATE('2015/08/18 13:27:30', 'yyyy/mm/dd hh24:mi:ss'), TO_DATE('2014/11/18 09:55:33', 'yyyy/mm/dd hh24:mi:ss'), NULL, NULL, NULL, NULL);
INSERT INTO registracia_na_skusku(rod_cislo, id_mesta, id_firmy, id_skusky, datum, datum_registracie, datum_zrusenia, datum_zaplatenia, uctovana_cena, pocet_ziskanych_bodov) VALUES('5654057161', 3, 70, 32, TO_DATE('2015/11/10 16:51:28', 'yyyy/mm/dd hh24:mi:ss'), TO_DATE('2014/04/10 10:23:54', 'yyyy/mm/dd hh24:mi:ss'), NULL, NULL, NULL, NULL);
INSERT INTO registracia_na_skusku(rod_cislo, id_mesta, id_firmy, id_skusky, datum, datum_registracie, datum_zrusenia, datum_zaplatenia, uctovana_cena, pocet_ziskanych_bodov) VALUES('7804331869', 6, 47, 74, TO_DATE('2015/12/16 12:37:31', 'yyyy/mm/dd hh24:mi:ss'), TO_DATE('2014/11/14 22:46:51', 'yyyy/mm/dd hh24:mi:ss'), NULL, NULL, NULL, NULL);
INSERT INTO registracia_na_skusku(rod_cislo, id_mesta, id_firmy, id_skusky, datum, datum_registracie, datum_zrusenia, datum_zaplatenia, uctovana_cena, pocet_ziskanych_bodov) VALUES('1954370904', 7, 43, 67, TO_DATE('2015/01/22 20:46:31', 'yyyy/mm/dd hh24:mi:ss'), TO_DATE('2014/04/14 12:41:12', 'yyyy/mm/dd hh24:mi:ss'), NULL, NULL, NULL, NULL);
INSERT INTO registracia_na_skusku(rod_cislo, id_mesta, id_firmy, id_skusky, datum, datum_registracie, datum_zrusenia, datum_zaplatenia, uctovana_cena, pocet_ziskanych_bodov) VALUES('8211237494', 13, 8, 47, TO_DATE('2015/09/21 17:43:01', 'yyyy/mm/dd hh24:mi:ss'), TO_DATE('2014/06/18 21:06:59', 'yyyy/mm/dd hh24:mi:ss'), NULL, NULL, NULL, NULL);
INSERT INTO registracia_na_skusku(rod_cislo, id_mesta, id_firmy, id_skusky, datum, datum_registracie, datum_zrusenia, datum_zaplatenia, uctovana_cena, pocet_ziskanych_bodov) VALUES('7408199810', 6, 5, 68, TO_DATE('2015/07/08 15:26:39', 'yyyy/mm/dd hh24:mi:ss'), TO_DATE('2014/01/26 23:44:05', 'yyyy/mm/dd hh24:mi:ss'), NULL, NULL, NULL, NULL);
INSERT INTO registracia_na_skusku(rod_cislo, id_mesta, id_firmy, id_skusky, datum, datum_registracie, datum_zrusenia, datum_zaplatenia, uctovana_cena, pocet_ziskanych_bodov) VALUES('7853327937', 24, 46, 76, TO_DATE('2015/11/23 19:40:18', 'yyyy/mm/dd hh24:mi:ss'), TO_DATE('2014/08/06 08:16:11', 'yyyy/mm/dd hh24:mi:ss'), NULL, NULL, NULL, NULL);
INSERT INTO registracia_na_skusku(rod_cislo, id_mesta, id_firmy, id_skusky, datum, datum_registracie, datum_zrusenia, datum_zaplatenia, uctovana_cena, pocet_ziskanych_bodov) VALUES('9006112016', 7, 43, 67, TO_DATE('2015/01/22 20:46:31', 'yyyy/mm/dd hh24:mi:ss'), TO_DATE('2014/07/19 12:36:21', 'yyyy/mm/dd hh24:mi:ss'), NULL, NULL, NULL, NULL);
INSERT INTO registracia_na_skusku(rod_cislo, id_mesta, id_firmy, id_skusky, datum, datum_registracie, datum_zrusenia, datum_zaplatenia, uctovana_cena, pocet_ziskanych_bodov) VALUES('0756238287', 2, 60, 95, TO_DATE('2015/08/09 11:50:28', 'yyyy/mm/dd hh24:mi:ss'), TO_DATE('2014/10/21 19:18:09', 'yyyy/mm/dd hh24:mi:ss'), NULL, NULL, NULL, NULL);
INSERT INTO registracia_na_skusku(rod_cislo, id_mesta, id_firmy, id_skusky, datum, datum_registracie, datum_zrusenia, datum_zaplatenia, uctovana_cena, pocet_ziskanych_bodov) VALUES('2262230215', 14, 15, 33, TO_DATE('2015/03/21 23:07:48', 'yyyy/mm/dd hh24:mi:ss'), TO_DATE('2014/04/18 03:53:28', 'yyyy/mm/dd hh24:mi:ss'), NULL, NULL, NULL, NULL);
INSERT INTO registracia_na_skusku(rod_cislo, id_mesta, id_firmy, id_skusky, datum, datum_registracie, datum_zrusenia, datum_zaplatenia, uctovana_cena, pocet_ziskanych_bodov) VALUES('2904263656', 25, 52, 86, TO_DATE('2015/07/01 15:11:16', 'yyyy/mm/dd hh24:mi:ss'), TO_DATE('2014/08/04 06:35:15', 'yyyy/mm/dd hh24:mi:ss'), NULL, NULL, NULL, NULL);
INSERT INTO registracia_na_skusku(rod_cislo, id_mesta, id_firmy, id_skusky, datum, datum_registracie, datum_zrusenia, datum_zaplatenia, uctovana_cena, pocet_ziskanych_bodov) VALUES('5357266983', 11, 35, 46, TO_DATE('2015/05/16 16:52:14', 'yyyy/mm/dd hh24:mi:ss'), TO_DATE('2014/08/21 23:04:21', 'yyyy/mm/dd hh24:mi:ss'), NULL, NULL, NULL, NULL);
INSERT INTO registracia_na_skusku(rod_cislo, id_mesta, id_firmy, id_skusky, datum, datum_registracie, datum_zrusenia, datum_zaplatenia, uctovana_cena, pocet_ziskanych_bodov) VALUES('9612271592', 3, 43, 79, TO_DATE('2015/06/12 23:27:53', 'yyyy/mm/dd hh24:mi:ss'), TO_DATE('2014/05/17 14:28:58', 'yyyy/mm/dd hh24:mi:ss'), NULL, NULL, NULL, NULL);
INSERT INTO registracia_na_skusku(rod_cislo, id_mesta, id_firmy, id_skusky, datum, datum_registracie, datum_zrusenia, datum_zaplatenia, uctovana_cena, pocet_ziskanych_bodov) VALUES('8654281253', 5, 1, 24, TO_DATE('2015/02/22 17:59:24', 'yyyy/mm/dd hh24:mi:ss'), TO_DATE('2014/06/22 23:58:43', 'yyyy/mm/dd hh24:mi:ss'), NULL, NULL, NULL, NULL);
INSERT INTO registracia_na_skusku(rod_cislo, id_mesta, id_firmy, id_skusky, datum, datum_registracie, datum_zrusenia, datum_zaplatenia, uctovana_cena, pocet_ziskanych_bodov) VALUES('8462263768', 10, 5, 30, TO_DATE('2015/02/04 19:14:11', 'yyyy/mm/dd hh24:mi:ss'), TO_DATE('2014/07/23 07:58:06', 'yyyy/mm/dd hh24:mi:ss'), NULL, NULL, NULL, NULL);
INSERT INTO registracia_na_skusku(rod_cislo, id_mesta, id_firmy, id_skusky, datum, datum_registracie, datum_zrusenia, datum_zaplatenia, uctovana_cena, pocet_ziskanych_bodov) VALUES('7052085431', 3, 57, 91, TO_DATE('2015/08/04 12:30:53', 'yyyy/mm/dd hh24:mi:ss'), TO_DATE('2014/11/28 05:46:50', 'yyyy/mm/dd hh24:mi:ss'), NULL, NULL, NULL, NULL);
INSERT INTO registracia_na_skusku(rod_cislo, id_mesta, id_firmy, id_skusky, datum, datum_registracie, datum_zrusenia, datum_zaplatenia, uctovana_cena, pocet_ziskanych_bodov) VALUES('5557084084', 25, 60, 100, TO_DATE('2015/06/20 02:28:38', 'yyyy/mm/dd hh24:mi:ss'), TO_DATE('2014/11/13 18:54:18', 'yyyy/mm/dd hh24:mi:ss'), NULL, NULL, NULL, NULL);
INSERT INTO registracia_na_skusku(rod_cislo, id_mesta, id_firmy, id_skusky, datum, datum_registracie, datum_zrusenia, datum_zaplatenia, uctovana_cena, pocet_ziskanych_bodov) VALUES('8860073035', 10, 5, 30, TO_DATE('2015/02/04 19:14:11', 'yyyy/mm/dd hh24:mi:ss'), TO_DATE('2014/02/06 16:32:12', 'yyyy/mm/dd hh24:mi:ss'), NULL, NULL, NULL, NULL);
INSERT INTO registracia_na_skusku(rod_cislo, id_mesta, id_firmy, id_skusky, datum, datum_registracie, datum_zrusenia, datum_zaplatenia, uctovana_cena, pocet_ziskanych_bodov) VALUES('5207370783', 12, 99, 42, TO_DATE('2015/10/23 03:20:28', 'yyyy/mm/dd hh24:mi:ss'), TO_DATE('2014/03/24 14:14:43', 'yyyy/mm/dd hh24:mi:ss'), NULL, NULL, NULL, NULL);
INSERT INTO registracia_na_skusku(rod_cislo, id_mesta, id_firmy, id_skusky, datum, datum_registracie, datum_zrusenia, datum_zaplatenia, uctovana_cena, pocet_ziskanych_bodov) VALUES('0007018902', 11, 81, 93, TO_DATE('2015/02/17 07:10:49', 'yyyy/mm/dd hh24:mi:ss'), TO_DATE('2014/05/01 17:43:05', 'yyyy/mm/dd hh24:mi:ss'), NULL, NULL, NULL, NULL);
INSERT INTO registracia_na_skusku(rod_cislo, id_mesta, id_firmy, id_skusky, datum, datum_registracie, datum_zrusenia, datum_zaplatenia, uctovana_cena, pocet_ziskanych_bodov) VALUES('0808289464', 24, 46, 76, TO_DATE('2015/11/23 19:40:18', 'yyyy/mm/dd hh24:mi:ss'), TO_DATE('2014/01/26 18:20:14', 'yyyy/mm/dd hh24:mi:ss'), NULL, NULL, NULL, NULL);
INSERT INTO registracia_na_skusku(rod_cislo, id_mesta, id_firmy, id_skusky, datum, datum_registracie, datum_zrusenia, datum_zaplatenia, uctovana_cena, pocet_ziskanych_bodov) VALUES('8612036805', 11, 35, 46, TO_DATE('2015/05/16 16:52:14', 'yyyy/mm/dd hh24:mi:ss'), TO_DATE('2014/04/06 05:33:39', 'yyyy/mm/dd hh24:mi:ss'), NULL, NULL, NULL, NULL);
INSERT INTO registracia_na_skusku(rod_cislo, id_mesta, id_firmy, id_skusky, datum, datum_registracie, datum_zrusenia, datum_zaplatenia, uctovana_cena, pocet_ziskanych_bodov) VALUES('7759340176', 2, 60, 95, TO_DATE('2015/08/09 11:50:28', 'yyyy/mm/dd hh24:mi:ss'), TO_DATE('2014/08/17 22:13:28', 'yyyy/mm/dd hh24:mi:ss'), NULL, NULL, NULL, NULL);
INSERT INTO registracia_na_skusku(rod_cislo, id_mesta, id_firmy, id_skusky, datum, datum_registracie, datum_zrusenia, datum_zaplatenia, uctovana_cena, pocet_ziskanych_bodov) VALUES('6808137881', 22, 13, 62, TO_DATE('2015/01/08 00:13:10', 'yyyy/mm/dd hh24:mi:ss'), TO_DATE('2014/02/23 08:03:50', 'yyyy/mm/dd hh24:mi:ss'), NULL, NULL, NULL, NULL);
INSERT INTO registracia_na_skusku(rod_cislo, id_mesta, id_firmy, id_skusky, datum, datum_registracie, datum_zrusenia, datum_zaplatenia, uctovana_cena, pocet_ziskanych_bodov) VALUES('1601009304', 3, 57, 91, TO_DATE('2015/08/04 12:30:53', 'yyyy/mm/dd hh24:mi:ss'), TO_DATE('2014/08/07 07:51:44', 'yyyy/mm/dd hh24:mi:ss'), NULL, NULL, NULL, NULL);
INSERT INTO registracia_na_skusku(rod_cislo, id_mesta, id_firmy, id_skusky, datum, datum_registracie, datum_zrusenia, datum_zaplatenia, uctovana_cena, pocet_ziskanych_bodov) VALUES('1058282918', 21, 62, 2, TO_DATE('2015/03/25 00:41:56', 'yyyy/mm/dd hh24:mi:ss'), TO_DATE('2014/06/05 01:06:56', 'yyyy/mm/dd hh24:mi:ss'), NULL, NULL, NULL, NULL);
INSERT INTO registracia_na_skusku(rod_cislo, id_mesta, id_firmy, id_skusky, datum, datum_registracie, datum_zrusenia, datum_zaplatenia, uctovana_cena, pocet_ziskanych_bodov) VALUES('0955055793', 22, 13, 62, TO_DATE('2015/01/08 00:13:10', 'yyyy/mm/dd hh24:mi:ss'), TO_DATE('2014/02/14 00:02:24', 'yyyy/mm/dd hh24:mi:ss'), NULL, NULL, NULL, NULL);
INSERT INTO registracia_na_skusku(rod_cislo, id_mesta, id_firmy, id_skusky, datum, datum_registracie, datum_zrusenia, datum_zaplatenia, uctovana_cena, pocet_ziskanych_bodov) VALUES('3757323705', 17, 9, 65, TO_DATE('2015/09/27 14:18:43', 'yyyy/mm/dd hh24:mi:ss'), TO_DATE('2014/03/18 08:01:54', 'yyyy/mm/dd hh24:mi:ss'), NULL, NULL, NULL, NULL);
INSERT INTO registracia_na_skusku(rod_cislo, id_mesta, id_firmy, id_skusky, datum, datum_registracie, datum_zrusenia, datum_zaplatenia, uctovana_cena, pocet_ziskanych_bodov) VALUES('6562156734', 3, 70, 32, TO_DATE('2015/11/10 16:51:28', 'yyyy/mm/dd hh24:mi:ss'), TO_DATE('2014/11/13 23:53:06', 'yyyy/mm/dd hh24:mi:ss'), NULL, NULL, NULL, NULL);
INSERT INTO registracia_na_skusku(rod_cislo, id_mesta, id_firmy, id_skusky, datum, datum_registracie, datum_zrusenia, datum_zaplatenia, uctovana_cena, pocet_ziskanych_bodov) VALUES('2355231526', 13, 8, 47, TO_DATE('2015/09/21 17:43:01', 'yyyy/mm/dd hh24:mi:ss'), TO_DATE('2014/03/16 08:47:20', 'yyyy/mm/dd hh24:mi:ss'), NULL, NULL, NULL, NULL);
INSERT INTO registracia_na_skusku(rod_cislo, id_mesta, id_firmy, id_skusky, datum, datum_registracie, datum_zrusenia, datum_zaplatenia, uctovana_cena, pocet_ziskanych_bodov) VALUES('8861201122', 3, 57, 91, TO_DATE('2015/08/04 12:30:53', 'yyyy/mm/dd hh24:mi:ss'), TO_DATE('2014/03/25 04:54:39', 'yyyy/mm/dd hh24:mi:ss'), NULL, NULL, NULL, NULL);
INSERT INTO registracia_na_skusku(rod_cislo, id_mesta, id_firmy, id_skusky, datum, datum_registracie, datum_zrusenia, datum_zaplatenia, uctovana_cena, pocet_ziskanych_bodov) VALUES('8258001314', 9, 73, 56, TO_DATE('2015/04/18 11:16:45', 'yyyy/mm/dd hh24:mi:ss'), TO_DATE('2014/04/01 02:36:48', 'yyyy/mm/dd hh24:mi:ss'), NULL, NULL, NULL, NULL);
INSERT INTO registracia_na_skusku(rod_cislo, id_mesta, id_firmy, id_skusky, datum, datum_registracie, datum_zrusenia, datum_zaplatenia, uctovana_cena, pocet_ziskanych_bodov) VALUES('9962350993', 12, 99, 42, TO_DATE('2015/10/23 03:20:28', 'yyyy/mm/dd hh24:mi:ss'), TO_DATE('2014/04/06 07:48:50', 'yyyy/mm/dd hh24:mi:ss'), NULL, NULL, NULL, NULL);
INSERT INTO registracia_na_skusku(rod_cislo, id_mesta, id_firmy, id_skusky, datum, datum_registracie, datum_zrusenia, datum_zaplatenia, uctovana_cena, pocet_ziskanych_bodov) VALUES('3660375304', 9, 91, 79, TO_DATE('2015/11/19 04:05:33', 'yyyy/mm/dd hh24:mi:ss'), TO_DATE('2014/08/14 13:57:08', 'yyyy/mm/dd hh24:mi:ss'), NULL, NULL, NULL, NULL);
INSERT INTO registracia_na_skusku(rod_cislo, id_mesta, id_firmy, id_skusky, datum, datum_registracie, datum_zrusenia, datum_zaplatenia, uctovana_cena, pocet_ziskanych_bodov) VALUES('5307071343', 25, 29, 31, TO_DATE('2015/01/01 12:04:37', 'yyyy/mm/dd hh24:mi:ss'), TO_DATE('2014/02/23 18:46:14', 'yyyy/mm/dd hh24:mi:ss'), NULL, NULL, NULL, NULL);
INSERT INTO registracia_na_skusku(rod_cislo, id_mesta, id_firmy, id_skusky, datum, datum_registracie, datum_zrusenia, datum_zaplatenia, uctovana_cena, pocet_ziskanych_bodov) VALUES('2053388911', 3, 43, 79, TO_DATE('2015/06/12 23:27:53', 'yyyy/mm/dd hh24:mi:ss'), TO_DATE('2014/11/18 16:40:42', 'yyyy/mm/dd hh24:mi:ss'), NULL, NULL, NULL, NULL);
INSERT INTO registracia_na_skusku(rod_cislo, id_mesta, id_firmy, id_skusky, datum, datum_registracie, datum_zrusenia, datum_zaplatenia, uctovana_cena, pocet_ziskanych_bodov) VALUES('1851226770', 6, 5, 68, TO_DATE('2015/07/08 15:26:39', 'yyyy/mm/dd hh24:mi:ss'), TO_DATE('2014/05/23 22:46:40', 'yyyy/mm/dd hh24:mi:ss'), NULL, NULL, NULL, NULL);
INSERT INTO registracia_na_skusku(rod_cislo, id_mesta, id_firmy, id_skusky, datum, datum_registracie, datum_zrusenia, datum_zaplatenia, uctovana_cena, pocet_ziskanych_bodov) VALUES('7052085431', 13, 8, 47, TO_DATE('2015/09/21 17:43:01', 'yyyy/mm/dd hh24:mi:ss'), TO_DATE('2014/09/07 00:25:37', 'yyyy/mm/dd hh24:mi:ss'), NULL, NULL, NULL, NULL);
INSERT INTO registracia_na_skusku(rod_cislo, id_mesta, id_firmy, id_skusky, datum, datum_registracie, datum_zrusenia, datum_zaplatenia, uctovana_cena, pocet_ziskanych_bodov) VALUES('5355170525', 5, 59, 75, TO_DATE('2015/03/07 09:09:43', 'yyyy/mm/dd hh24:mi:ss'), TO_DATE('2014/01/17 03:52:29', 'yyyy/mm/dd hh24:mi:ss'), NULL, NULL, NULL, NULL);
INSERT INTO registracia_na_skusku(rod_cislo, id_mesta, id_firmy, id_skusky, datum, datum_registracie, datum_zrusenia, datum_zaplatenia, uctovana_cena, pocet_ziskanych_bodov) VALUES('9709233504', 2, 60, 95, TO_DATE('2015/08/09 11:50:28', 'yyyy/mm/dd hh24:mi:ss'), TO_DATE('2014/12/28 10:48:23', 'yyyy/mm/dd hh24:mi:ss'), NULL, NULL, NULL, NULL);
INSERT INTO registracia_na_skusku(rod_cislo, id_mesta, id_firmy, id_skusky, datum, datum_registracie, datum_zrusenia, datum_zaplatenia, uctovana_cena, pocet_ziskanych_bodov) VALUES('9204261643', 21, 62, 2, TO_DATE('2015/03/25 00:41:56', 'yyyy/mm/dd hh24:mi:ss'), TO_DATE('2014/07/05 15:49:21', 'yyyy/mm/dd hh24:mi:ss'), NULL, NULL, NULL, NULL);
INSERT INTO registracia_na_skusku(rod_cislo, id_mesta, id_firmy, id_skusky, datum, datum_registracie, datum_zrusenia, datum_zaplatenia, uctovana_cena, pocet_ziskanych_bodov) VALUES('4059399413', 12, 92, 52, TO_DATE('2015/10/26 05:59:45', 'yyyy/mm/dd hh24:mi:ss'), TO_DATE('2014/05/10 06:53:42', 'yyyy/mm/dd hh24:mi:ss'), NULL, NULL, NULL, NULL);
INSERT INTO registracia_na_skusku(rod_cislo, id_mesta, id_firmy, id_skusky, datum, datum_registracie, datum_zrusenia, datum_zaplatenia, uctovana_cena, pocet_ziskanych_bodov) VALUES('2502362905', 3, 70, 32, TO_DATE('2015/11/10 16:51:28', 'yyyy/mm/dd hh24:mi:ss'), TO_DATE('2014/04/25 01:44:49', 'yyyy/mm/dd hh24:mi:ss'), NULL, NULL, NULL, NULL);
INSERT INTO registracia_na_skusku(rod_cislo, id_mesta, id_firmy, id_skusky, datum, datum_registracie, datum_zrusenia, datum_zaplatenia, uctovana_cena, pocet_ziskanych_bodov) VALUES('7207182797', 17, 9, 65, TO_DATE('2015/09/27 14:18:43', 'yyyy/mm/dd hh24:mi:ss'), TO_DATE('2014/06/04 19:36:26', 'yyyy/mm/dd hh24:mi:ss'), NULL, NULL, NULL, NULL);
INSERT INTO registracia_na_skusku(rod_cislo, id_mesta, id_firmy, id_skusky, datum, datum_registracie, datum_zrusenia, datum_zaplatenia, uctovana_cena, pocet_ziskanych_bodov) VALUES('9912301402', 21, 31, 54, TO_DATE('2015/08/18 13:27:30', 'yyyy/mm/dd hh24:mi:ss'), TO_DATE('2014/04/16 10:09:12', 'yyyy/mm/dd hh24:mi:ss'), NULL, NULL, NULL, NULL);
INSERT INTO registracia_na_skusku(rod_cislo, id_mesta, id_firmy, id_skusky, datum, datum_registracie, datum_zrusenia, datum_zaplatenia, uctovana_cena, pocet_ziskanych_bodov) VALUES('5861234473', 4, 16, 36, TO_DATE('2015/10/22 16:02:19', 'yyyy/mm/dd hh24:mi:ss'), TO_DATE('2014/11/27 01:49:36', 'yyyy/mm/dd hh24:mi:ss'), NULL, NULL, NULL, NULL);
INSERT INTO registracia_na_skusku(rod_cislo, id_mesta, id_firmy, id_skusky, datum, datum_registracie, datum_zrusenia, datum_zaplatenia, uctovana_cena, pocet_ziskanych_bodov) VALUES('5654057161', 12, 28, 48, TO_DATE('2015/07/27 08:56:16', 'yyyy/mm/dd hh24:mi:ss'), TO_DATE('2014/10/28 08:39:42', 'yyyy/mm/dd hh24:mi:ss'), NULL, NULL, NULL, NULL);
INSERT INTO registracia_na_skusku(rod_cislo, id_mesta, id_firmy, id_skusky, datum, datum_registracie, datum_zrusenia, datum_zaplatenia, uctovana_cena, pocet_ziskanych_bodov) VALUES('0806231350', 5, 40, 33, TO_DATE('2015/10/25 19:05:47', 'yyyy/mm/dd hh24:mi:ss'), TO_DATE('2014/04/08 10:11:33', 'yyyy/mm/dd hh24:mi:ss'), NULL, NULL, NULL, NULL);
INSERT INTO registracia_na_skusku(rod_cislo, id_mesta, id_firmy, id_skusky, datum, datum_registracie, datum_zrusenia, datum_zaplatenia, uctovana_cena, pocet_ziskanych_bodov) VALUES('2053388911', 4, 16, 36, TO_DATE('2015/10/22 16:02:19', 'yyyy/mm/dd hh24:mi:ss'), TO_DATE('2014/04/02 16:18:26', 'yyyy/mm/dd hh24:mi:ss'), NULL, NULL, NULL, NULL);
INSERT INTO registracia_na_skusku(rod_cislo, id_mesta, id_firmy, id_skusky, datum, datum_registracie, datum_zrusenia, datum_zaplatenia, uctovana_cena, pocet_ziskanych_bodov) VALUES('5853148648', 25, 60, 100, TO_DATE('2015/06/20 02:28:38', 'yyyy/mm/dd hh24:mi:ss'), TO_DATE('2014/05/15 15:04:32', 'yyyy/mm/dd hh24:mi:ss'), NULL, NULL, NULL, NULL);
INSERT INTO registracia_na_skusku(rod_cislo, id_mesta, id_firmy, id_skusky, datum, datum_registracie, datum_zrusenia, datum_zaplatenia, uctovana_cena, pocet_ziskanych_bodov) VALUES('2601382777', 22, 13, 62, TO_DATE('2015/01/08 00:13:10', 'yyyy/mm/dd hh24:mi:ss'), TO_DATE('2014/09/21 06:30:02', 'yyyy/mm/dd hh24:mi:ss'), NULL, NULL, NULL, NULL);
INSERT INTO registracia_na_skusku(rod_cislo, id_mesta, id_firmy, id_skusky, datum, datum_registracie, datum_zrusenia, datum_zaplatenia, uctovana_cena, pocet_ziskanych_bodov) VALUES('6255059549', 13, 17, 90, TO_DATE('2015/12/16 03:38:17', 'yyyy/mm/dd hh24:mi:ss'), TO_DATE('2014/08/13 11:48:16', 'yyyy/mm/dd hh24:mi:ss'), NULL, NULL, NULL, NULL);
INSERT INTO registracia_na_skusku(rod_cislo, id_mesta, id_firmy, id_skusky, datum, datum_registracie, datum_zrusenia, datum_zaplatenia, uctovana_cena, pocet_ziskanych_bodov) VALUES('7503003552', 3, 56, 17, TO_DATE('2015/08/07 10:38:43', 'yyyy/mm/dd hh24:mi:ss'), TO_DATE('2014/03/19 09:34:42', 'yyyy/mm/dd hh24:mi:ss'), NULL, NULL, NULL, NULL);
INSERT INTO registracia_na_skusku(rod_cislo, id_mesta, id_firmy, id_skusky, datum, datum_registracie, datum_zrusenia, datum_zaplatenia, uctovana_cena, pocet_ziskanych_bodov) VALUES('5462343585', 12, 92, 52, TO_DATE('2015/10/26 05:59:45', 'yyyy/mm/dd hh24:mi:ss'), TO_DATE('2014/11/03 07:00:07', 'yyyy/mm/dd hh24:mi:ss'), NULL, NULL, NULL, NULL);
INSERT INTO registracia_na_skusku(rod_cislo, id_mesta, id_firmy, id_skusky, datum, datum_registracie, datum_zrusenia, datum_zaplatenia, uctovana_cena, pocet_ziskanych_bodov) VALUES('1303079827', 8, 43, 73, TO_DATE('2015/01/21 08:03:37', 'yyyy/mm/dd hh24:mi:ss'), TO_DATE('2014/06/09 06:44:15', 'yyyy/mm/dd hh24:mi:ss'), NULL, NULL, NULL, NULL);
INSERT INTO registracia_na_skusku(rod_cislo, id_mesta, id_firmy, id_skusky, datum, datum_registracie, datum_zrusenia, datum_zaplatenia, uctovana_cena, pocet_ziskanych_bodov) VALUES('8805332662', 7, 43, 67, TO_DATE('2015/01/22 20:46:31', 'yyyy/mm/dd hh24:mi:ss'), TO_DATE('2014/09/04 04:58:18', 'yyyy/mm/dd hh24:mi:ss'), NULL, NULL, NULL, NULL);
INSERT INTO registracia_na_skusku(rod_cislo, id_mesta, id_firmy, id_skusky, datum, datum_registracie, datum_zrusenia, datum_zaplatenia, uctovana_cena, pocet_ziskanych_bodov) VALUES('9812031935', 14, 15, 33, TO_DATE('2015/03/21 23:07:48', 'yyyy/mm/dd hh24:mi:ss'), TO_DATE('2014/09/11 12:52:15', 'yyyy/mm/dd hh24:mi:ss'), NULL, NULL, NULL, NULL);
INSERT INTO registracia_na_skusku(rod_cislo, id_mesta, id_firmy, id_skusky, datum, datum_registracie, datum_zrusenia, datum_zaplatenia, uctovana_cena, pocet_ziskanych_bodov) VALUES('7203067304', 24, 95, 6, TO_DATE('2015/01/13 22:56:14', 'yyyy/mm/dd hh24:mi:ss'), TO_DATE('2014/04/03 23:12:26', 'yyyy/mm/dd hh24:mi:ss'), NULL, NULL, NULL, NULL);
INSERT INTO registracia_na_skusku(rod_cislo, id_mesta, id_firmy, id_skusky, datum, datum_registracie, datum_zrusenia, datum_zaplatenia, uctovana_cena, pocet_ziskanych_bodov) VALUES('5962391443', 5, 59, 75, TO_DATE('2015/03/07 09:09:43', 'yyyy/mm/dd hh24:mi:ss'), TO_DATE('2014/10/14 21:02:07', 'yyyy/mm/dd hh24:mi:ss'), NULL, NULL, NULL, NULL);
INSERT INTO registracia_na_skusku(rod_cislo, id_mesta, id_firmy, id_skusky, datum, datum_registracie, datum_zrusenia, datum_zaplatenia, uctovana_cena, pocet_ziskanych_bodov) VALUES('5259325786', 10, 24, 62, TO_DATE('2015/11/04 09:26:58', 'yyyy/mm/dd hh24:mi:ss'), TO_DATE('2014/07/10 20:18:30', 'yyyy/mm/dd hh24:mi:ss'), NULL, NULL, NULL, NULL);
INSERT INTO registracia_na_skusku(rod_cislo, id_mesta, id_firmy, id_skusky, datum, datum_registracie, datum_zrusenia, datum_zaplatenia, uctovana_cena, pocet_ziskanych_bodov) VALUES('1501053195', 7, 21, 96, TO_DATE('2015/03/14 11:44:10', 'yyyy/mm/dd hh24:mi:ss'), TO_DATE('2014/06/26 02:22:55', 'yyyy/mm/dd hh24:mi:ss'), NULL, NULL, NULL, NULL);
INSERT INTO registracia_na_skusku(rod_cislo, id_mesta, id_firmy, id_skusky, datum, datum_registracie, datum_zrusenia, datum_zaplatenia, uctovana_cena, pocet_ziskanych_bodov) VALUES('9504171313', 19, 23, 12, TO_DATE('2015/05/09 07:07:47', 'yyyy/mm/dd hh24:mi:ss'), TO_DATE('2014/01/17 01:01:18', 'yyyy/mm/dd hh24:mi:ss'), NULL, NULL, NULL, NULL);
INSERT INTO registracia_na_skusku(rod_cislo, id_mesta, id_firmy, id_skusky, datum, datum_registracie, datum_zrusenia, datum_zaplatenia, uctovana_cena, pocet_ziskanych_bodov) VALUES('2905182285', 24, 46, 76, TO_DATE('2015/11/23 19:40:18', 'yyyy/mm/dd hh24:mi:ss'), TO_DATE('2014/04/03 22:05:38', 'yyyy/mm/dd hh24:mi:ss'), NULL, NULL, NULL, NULL);
INSERT INTO registracia_na_skusku(rod_cislo, id_mesta, id_firmy, id_skusky, datum, datum_registracie, datum_zrusenia, datum_zaplatenia, uctovana_cena, pocet_ziskanych_bodov) VALUES('3707134317', 1, 8, 43, TO_DATE('2015/03/21 00:36:15', 'yyyy/mm/dd hh24:mi:ss'), TO_DATE('2014/09/25 15:41:52', 'yyyy/mm/dd hh24:mi:ss'), NULL, NULL, NULL, NULL);
INSERT INTO registracia_na_skusku(rod_cislo, id_mesta, id_firmy, id_skusky, datum, datum_registracie, datum_zrusenia, datum_zaplatenia, uctovana_cena, pocet_ziskanych_bodov) VALUES('6562156734', 9, 73, 56, TO_DATE('2015/04/18 11:16:45', 'yyyy/mm/dd hh24:mi:ss'), TO_DATE('2014/08/17 22:08:02', 'yyyy/mm/dd hh24:mi:ss'), NULL, NULL, NULL, NULL);
INSERT INTO registracia_na_skusku(rod_cislo, id_mesta, id_firmy, id_skusky, datum, datum_registracie, datum_zrusenia, datum_zaplatenia, uctovana_cena, pocet_ziskanych_bodov) VALUES('6656036131', 1, 39, 85, TO_DATE('2015/07/19 19:13:55', 'yyyy/mm/dd hh24:mi:ss'), TO_DATE('2014/03/01 21:36:14', 'yyyy/mm/dd hh24:mi:ss'), NULL, NULL, NULL, NULL);
INSERT INTO registracia_na_skusku(rod_cislo, id_mesta, id_firmy, id_skusky, datum, datum_registracie, datum_zrusenia, datum_zaplatenia, uctovana_cena, pocet_ziskanych_bodov) VALUES('4507349047', 16, 29, 88, TO_DATE('2015/07/18 10:12:02', 'yyyy/mm/dd hh24:mi:ss'), TO_DATE('2014/12/09 00:03:30', 'yyyy/mm/dd hh24:mi:ss'), NULL, NULL, NULL, NULL);
INSERT INTO registracia_na_skusku(rod_cislo, id_mesta, id_firmy, id_skusky, datum, datum_registracie, datum_zrusenia, datum_zaplatenia, uctovana_cena, pocet_ziskanych_bodov) VALUES('3511114946', 12, 99, 42, TO_DATE('2015/10/23 03:20:28', 'yyyy/mm/dd hh24:mi:ss'), TO_DATE('2014/08/27 05:11:03', 'yyyy/mm/dd hh24:mi:ss'), NULL, NULL, NULL, NULL);
INSERT INTO registracia_na_skusku(rod_cislo, id_mesta, id_firmy, id_skusky, datum, datum_registracie, datum_zrusenia, datum_zaplatenia, uctovana_cena, pocet_ziskanych_bodov) VALUES('7052343295', 12, 28, 48, TO_DATE('2015/07/27 08:56:16', 'yyyy/mm/dd hh24:mi:ss'), TO_DATE('2014/07/05 05:01:16', 'yyyy/mm/dd hh24:mi:ss'), NULL, NULL, NULL, NULL);
INSERT INTO registracia_na_skusku(rod_cislo, id_mesta, id_firmy, id_skusky, datum, datum_registracie, datum_zrusenia, datum_zaplatenia, uctovana_cena, pocet_ziskanych_bodov) VALUES('0309059248', 1, 39, 85, TO_DATE('2015/07/19 19:13:55', 'yyyy/mm/dd hh24:mi:ss'), TO_DATE('2014/12/17 17:23:28', 'yyyy/mm/dd hh24:mi:ss'), NULL, NULL, NULL, NULL);
INSERT INTO registracia_na_skusku(rod_cislo, id_mesta, id_firmy, id_skusky, datum, datum_registracie, datum_zrusenia, datum_zaplatenia, uctovana_cena, pocet_ziskanych_bodov) VALUES('9652226214', 13, 17, 90, TO_DATE('2015/12/16 03:38:17', 'yyyy/mm/dd hh24:mi:ss'), TO_DATE('2014/05/19 10:28:32', 'yyyy/mm/dd hh24:mi:ss'), NULL, NULL, NULL, NULL);
INSERT INTO registracia_na_skusku(rod_cislo, id_mesta, id_firmy, id_skusky, datum, datum_registracie, datum_zrusenia, datum_zaplatenia, uctovana_cena, pocet_ziskanych_bodov) VALUES('1701093412', 2, 60, 95, TO_DATE('2015/08/09 11:50:28', 'yyyy/mm/dd hh24:mi:ss'), TO_DATE('2014/06/26 08:07:14', 'yyyy/mm/dd hh24:mi:ss'), NULL, NULL, NULL, NULL);
INSERT INTO registracia_na_skusku(rod_cislo, id_mesta, id_firmy, id_skusky, datum, datum_registracie, datum_zrusenia, datum_zaplatenia, uctovana_cena, pocet_ziskanych_bodov) VALUES('4205040471', 1, 8, 43, TO_DATE('2015/03/21 00:36:15', 'yyyy/mm/dd hh24:mi:ss'), TO_DATE('2014/01/24 06:41:07', 'yyyy/mm/dd hh24:mi:ss'), NULL, NULL, NULL, NULL);
INSERT INTO registracia_na_skusku(rod_cislo, id_mesta, id_firmy, id_skusky, datum, datum_registracie, datum_zrusenia, datum_zaplatenia, uctovana_cena, pocet_ziskanych_bodov) VALUES('6256025482', 12, 92, 52, TO_DATE('2015/10/26 05:59:45', 'yyyy/mm/dd hh24:mi:ss'), TO_DATE('2014/06/07 19:50:02', 'yyyy/mm/dd hh24:mi:ss'), NULL, NULL, NULL, NULL);
INSERT INTO registracia_na_skusku(rod_cislo, id_mesta, id_firmy, id_skusky, datum, datum_registracie, datum_zrusenia, datum_zaplatenia, uctovana_cena, pocet_ziskanych_bodov) VALUES('7708395941', 1, 8, 43, TO_DATE('2015/03/21 00:36:15', 'yyyy/mm/dd hh24:mi:ss'), TO_DATE('2014/08/01 08:28:06', 'yyyy/mm/dd hh24:mi:ss'), NULL, NULL, NULL, NULL);
INSERT INTO registracia_na_skusku(rod_cislo, id_mesta, id_firmy, id_skusky, datum, datum_registracie, datum_zrusenia, datum_zaplatenia, uctovana_cena, pocet_ziskanych_bodov) VALUES('9661172857', 5, 40, 33, TO_DATE('2015/10/25 19:05:47', 'yyyy/mm/dd hh24:mi:ss'), TO_DATE('2014/02/05 05:04:22', 'yyyy/mm/dd hh24:mi:ss'), NULL, NULL, NULL, NULL);
INSERT INTO registracia_na_skusku(rod_cislo, id_mesta, id_firmy, id_skusky, datum, datum_registracie, datum_zrusenia, datum_zaplatenia, uctovana_cena, pocet_ziskanych_bodov) VALUES('7357037837', 9, 91, 79, TO_DATE('2015/11/19 04:05:33', 'yyyy/mm/dd hh24:mi:ss'), TO_DATE('2014/04/16 05:54:49', 'yyyy/mm/dd hh24:mi:ss'), NULL, NULL, NULL, NULL);
INSERT INTO registracia_na_skusku(rod_cislo, id_mesta, id_firmy, id_skusky, datum, datum_registracie, datum_zrusenia, datum_zaplatenia, uctovana_cena, pocet_ziskanych_bodov) VALUES('1907253635', 19, 97, 94, TO_DATE('2015/06/26 15:51:46', 'yyyy/mm/dd hh24:mi:ss'), TO_DATE('2014/12/02 00:06:42', 'yyyy/mm/dd hh24:mi:ss'), NULL, NULL, NULL, NULL);
INSERT INTO registracia_na_skusku(rod_cislo, id_mesta, id_firmy, id_skusky, datum, datum_registracie, datum_zrusenia, datum_zaplatenia, uctovana_cena, pocet_ziskanych_bodov) VALUES('0854289504', 20, 75, 34, TO_DATE('2015/05/17 18:40:09', 'yyyy/mm/dd hh24:mi:ss'), TO_DATE('2014/06/15 13:28:01', 'yyyy/mm/dd hh24:mi:ss'), NULL, NULL, NULL, NULL);
INSERT INTO registracia_na_skusku(rod_cislo, id_mesta, id_firmy, id_skusky, datum, datum_registracie, datum_zrusenia, datum_zaplatenia, uctovana_cena, pocet_ziskanych_bodov) VALUES('6108333982', 21, 31, 54, TO_DATE('2015/08/18 13:27:30', 'yyyy/mm/dd hh24:mi:ss'), TO_DATE('2014/02/14 19:49:03', 'yyyy/mm/dd hh24:mi:ss'), NULL, NULL, NULL, NULL);
INSERT INTO registracia_na_skusku(rod_cislo, id_mesta, id_firmy, id_skusky, datum, datum_registracie, datum_zrusenia, datum_zaplatenia, uctovana_cena, pocet_ziskanych_bodov) VALUES('4859166759', 12, 25, 87, TO_DATE('2015/03/08 16:15:38', 'yyyy/mm/dd hh24:mi:ss'), TO_DATE('2014/05/08 02:57:50', 'yyyy/mm/dd hh24:mi:ss'), NULL, NULL, NULL, NULL);
INSERT INTO registracia_na_skusku(rod_cislo, id_mesta, id_firmy, id_skusky, datum, datum_registracie, datum_zrusenia, datum_zaplatenia, uctovana_cena, pocet_ziskanych_bodov) VALUES('3110209070', 3, 16, 91, TO_DATE('2015/02/21 00:15:57', 'yyyy/mm/dd hh24:mi:ss'), TO_DATE('2014/05/02 05:18:21', 'yyyy/mm/dd hh24:mi:ss'), NULL, NULL, NULL, NULL);
INSERT INTO registracia_na_skusku(rod_cislo, id_mesta, id_firmy, id_skusky, datum, datum_registracie, datum_zrusenia, datum_zaplatenia, uctovana_cena, pocet_ziskanych_bodov) VALUES('2957279368', 4, 16, 36, TO_DATE('2015/10/22 16:02:19', 'yyyy/mm/dd hh24:mi:ss'), TO_DATE('2014/12/18 04:41:52', 'yyyy/mm/dd hh24:mi:ss'), NULL, NULL, NULL, NULL);
INSERT INTO registracia_na_skusku(rod_cislo, id_mesta, id_firmy, id_skusky, datum, datum_registracie, datum_zrusenia, datum_zaplatenia, uctovana_cena, pocet_ziskanych_bodov) VALUES('2505385537', 22, 13, 62, TO_DATE('2015/01/08 00:13:10', 'yyyy/mm/dd hh24:mi:ss'), TO_DATE('2014/12/12 08:30:32', 'yyyy/mm/dd hh24:mi:ss'), NULL, NULL, NULL, NULL);
INSERT INTO registracia_na_skusku(rod_cislo, id_mesta, id_firmy, id_skusky, datum, datum_registracie, datum_zrusenia, datum_zaplatenia, uctovana_cena, pocet_ziskanych_bodov) VALUES('7004057768', 24, 95, 6, TO_DATE('2015/01/13 22:56:14', 'yyyy/mm/dd hh24:mi:ss'), TO_DATE('2014/07/20 17:32:02', 'yyyy/mm/dd hh24:mi:ss'), NULL, NULL, NULL, NULL);
INSERT INTO registracia_na_skusku(rod_cislo, id_mesta, id_firmy, id_skusky, datum, datum_registracie, datum_zrusenia, datum_zaplatenia, uctovana_cena, pocet_ziskanych_bodov) VALUES('7052085431', 19, 23, 12, TO_DATE('2015/05/09 07:07:47', 'yyyy/mm/dd hh24:mi:ss'), TO_DATE('2014/02/14 19:22:37', 'yyyy/mm/dd hh24:mi:ss'), NULL, NULL, NULL, NULL);
INSERT INTO registracia_na_skusku(rod_cislo, id_mesta, id_firmy, id_skusky, datum, datum_registracie, datum_zrusenia, datum_zaplatenia, uctovana_cena, pocet_ziskanych_bodov) VALUES('4758030644', 6, 47, 74, TO_DATE('2015/12/16 12:37:31', 'yyyy/mm/dd hh24:mi:ss'), TO_DATE('2014/05/03 04:05:50', 'yyyy/mm/dd hh24:mi:ss'), NULL, NULL, NULL, NULL);
INSERT INTO registracia_na_skusku(rod_cislo, id_mesta, id_firmy, id_skusky, datum, datum_registracie, datum_zrusenia, datum_zaplatenia, uctovana_cena, pocet_ziskanych_bodov) VALUES('6759303252', 1, 39, 85, TO_DATE('2015/07/19 19:13:55', 'yyyy/mm/dd hh24:mi:ss'), TO_DATE('2014/06/21 18:55:02', 'yyyy/mm/dd hh24:mi:ss'), NULL, NULL, NULL, NULL);
INSERT INTO registracia_na_skusku(rod_cislo, id_mesta, id_firmy, id_skusky, datum, datum_registracie, datum_zrusenia, datum_zaplatenia, uctovana_cena, pocet_ziskanych_bodov) VALUES('6002393624', 8, 43, 73, TO_DATE('2015/01/21 08:03:37', 'yyyy/mm/dd hh24:mi:ss'), TO_DATE('2014/04/08 05:12:30', 'yyyy/mm/dd hh24:mi:ss'), NULL, NULL, NULL, NULL);
INSERT INTO registracia_na_skusku(rod_cislo, id_mesta, id_firmy, id_skusky, datum, datum_registracie, datum_zrusenia, datum_zaplatenia, uctovana_cena, pocet_ziskanych_bodov) VALUES('4258181980', 12, 28, 48, TO_DATE('2015/07/27 08:56:16', 'yyyy/mm/dd hh24:mi:ss'), TO_DATE('2014/09/24 09:25:16', 'yyyy/mm/dd hh24:mi:ss'), NULL, NULL, NULL, NULL);
INSERT INTO registracia_na_skusku(rod_cislo, id_mesta, id_firmy, id_skusky, datum, datum_registracie, datum_zrusenia, datum_zaplatenia, uctovana_cena, pocet_ziskanych_bodov) VALUES('2262230215', 25, 29, 31, TO_DATE('2015/01/01 12:04:37', 'yyyy/mm/dd hh24:mi:ss'), TO_DATE('2014/08/11 15:54:55', 'yyyy/mm/dd hh24:mi:ss'), NULL, NULL, NULL, NULL);
INSERT INTO registracia_na_skusku(rod_cislo, id_mesta, id_firmy, id_skusky, datum, datum_registracie, datum_zrusenia, datum_zaplatenia, uctovana_cena, pocet_ziskanych_bodov) VALUES('6158374743', 19, 23, 12, TO_DATE('2015/05/09 07:07:47', 'yyyy/mm/dd hh24:mi:ss'), TO_DATE('2014/01/09 17:14:24', 'yyyy/mm/dd hh24:mi:ss'), NULL, NULL, NULL, NULL);
INSERT INTO registracia_na_skusku(rod_cislo, id_mesta, id_firmy, id_skusky, datum, datum_registracie, datum_zrusenia, datum_zaplatenia, uctovana_cena, pocet_ziskanych_bodov) VALUES('9805323602', 4, 16, 36, TO_DATE('2015/10/22 16:02:19', 'yyyy/mm/dd hh24:mi:ss'), TO_DATE('2014/04/08 14:52:53', 'yyyy/mm/dd hh24:mi:ss'), NULL, NULL, NULL, NULL);
INSERT INTO registracia_na_skusku(rod_cislo, id_mesta, id_firmy, id_skusky, datum, datum_registracie, datum_zrusenia, datum_zaplatenia, uctovana_cena, pocet_ziskanych_bodov) VALUES('3304370834', 13, 17, 90, TO_DATE('2015/12/16 03:38:17', 'yyyy/mm/dd hh24:mi:ss'), TO_DATE('2014/09/22 02:42:44', 'yyyy/mm/dd hh24:mi:ss'), NULL, NULL, NULL, NULL);
INSERT INTO registracia_na_skusku(rod_cislo, id_mesta, id_firmy, id_skusky, datum, datum_registracie, datum_zrusenia, datum_zaplatenia, uctovana_cena, pocet_ziskanych_bodov) VALUES('6304003874', 5, 22, 86, TO_DATE('2015/04/04 04:57:49', 'yyyy/mm/dd hh24:mi:ss'), TO_DATE('2014/03/15 07:51:50', 'yyyy/mm/dd hh24:mi:ss'), NULL, NULL, NULL, NULL);
INSERT INTO registracia_na_skusku(rod_cislo, id_mesta, id_firmy, id_skusky, datum, datum_registracie, datum_zrusenia, datum_zaplatenia, uctovana_cena, pocet_ziskanych_bodov) VALUES('9409297339', 2, 60, 95, TO_DATE('2015/08/09 11:50:28', 'yyyy/mm/dd hh24:mi:ss'), TO_DATE('2014/09/03 02:01:24', 'yyyy/mm/dd hh24:mi:ss'), NULL, NULL, NULL, NULL);
INSERT INTO registracia_na_skusku(rod_cislo, id_mesta, id_firmy, id_skusky, datum, datum_registracie, datum_zrusenia, datum_zaplatenia, uctovana_cena, pocet_ziskanych_bodov) VALUES('5611172901', 13, 17, 90, TO_DATE('2015/12/16 03:38:17', 'yyyy/mm/dd hh24:mi:ss'), TO_DATE('2014/12/11 19:10:59', 'yyyy/mm/dd hh24:mi:ss'), NULL, NULL, NULL, NULL);
INSERT INTO registracia_na_skusku(rod_cislo, id_mesta, id_firmy, id_skusky, datum, datum_registracie, datum_zrusenia, datum_zaplatenia, uctovana_cena, pocet_ziskanych_bodov) VALUES('2904263656', 1, 8, 43, TO_DATE('2015/03/21 00:36:15', 'yyyy/mm/dd hh24:mi:ss'), TO_DATE('2014/06/21 06:43:33', 'yyyy/mm/dd hh24:mi:ss'), NULL, NULL, NULL, NULL);
INSERT INTO registracia_na_skusku(rod_cislo, id_mesta, id_firmy, id_skusky, datum, datum_registracie, datum_zrusenia, datum_zaplatenia, uctovana_cena, pocet_ziskanych_bodov) VALUES('2652162452', 8, 43, 73, TO_DATE('2015/01/21 08:03:37', 'yyyy/mm/dd hh24:mi:ss'), TO_DATE('2014/09/17 06:21:35', 'yyyy/mm/dd hh24:mi:ss'), NULL, NULL, NULL, NULL);
INSERT INTO registracia_na_skusku(rod_cislo, id_mesta, id_firmy, id_skusky, datum, datum_registracie, datum_zrusenia, datum_zaplatenia, uctovana_cena, pocet_ziskanych_bodov) VALUES('1004123940', 10, 24, 62, TO_DATE('2015/11/04 09:26:58', 'yyyy/mm/dd hh24:mi:ss'), TO_DATE('2014/11/09 23:25:30', 'yyyy/mm/dd hh24:mi:ss'), NULL, NULL, NULL, NULL);
INSERT INTO registracia_na_skusku(rod_cislo, id_mesta, id_firmy, id_skusky, datum, datum_registracie, datum_zrusenia, datum_zaplatenia, uctovana_cena, pocet_ziskanych_bodov) VALUES('1303079827', 19, 97, 94, TO_DATE('2015/06/26 15:51:46', 'yyyy/mm/dd hh24:mi:ss'), TO_DATE('2014/02/01 06:07:50', 'yyyy/mm/dd hh24:mi:ss'), NULL, NULL, NULL, NULL);
INSERT INTO registracia_na_skusku(rod_cislo, id_mesta, id_firmy, id_skusky, datum, datum_registracie, datum_zrusenia, datum_zaplatenia, uctovana_cena, pocet_ziskanych_bodov) VALUES('6358368103', 9, 73, 56, TO_DATE('2015/04/18 11:16:45', 'yyyy/mm/dd hh24:mi:ss'), TO_DATE('2014/12/27 21:54:25', 'yyyy/mm/dd hh24:mi:ss'), NULL, NULL, NULL, NULL);
INSERT INTO registracia_na_skusku(rod_cislo, id_mesta, id_firmy, id_skusky, datum, datum_registracie, datum_zrusenia, datum_zaplatenia, uctovana_cena, pocet_ziskanych_bodov) VALUES('8951002052', 11, 81, 93, TO_DATE('2015/02/17 07:10:49', 'yyyy/mm/dd hh24:mi:ss'), TO_DATE('2014/04/26 08:11:16', 'yyyy/mm/dd hh24:mi:ss'), NULL, NULL, NULL, NULL);
INSERT INTO registracia_na_skusku(rod_cislo, id_mesta, id_firmy, id_skusky, datum, datum_registracie, datum_zrusenia, datum_zaplatenia, uctovana_cena, pocet_ziskanych_bodov) VALUES('6656107007', 3, 56, 17, TO_DATE('2015/08/07 10:38:43', 'yyyy/mm/dd hh24:mi:ss'), TO_DATE('2014/08/22 19:55:35', 'yyyy/mm/dd hh24:mi:ss'), NULL, NULL, NULL, NULL);
INSERT INTO registracia_na_skusku(rod_cislo, id_mesta, id_firmy, id_skusky, datum, datum_registracie, datum_zrusenia, datum_zaplatenia, uctovana_cena, pocet_ziskanych_bodov) VALUES('8206007237', 10, 5, 30, TO_DATE('2015/02/04 19:14:11', 'yyyy/mm/dd hh24:mi:ss'), TO_DATE('2014/11/17 03:23:49', 'yyyy/mm/dd hh24:mi:ss'), NULL, NULL, NULL, NULL);
INSERT INTO registracia_na_skusku(rod_cislo, id_mesta, id_firmy, id_skusky, datum, datum_registracie, datum_zrusenia, datum_zaplatenia, uctovana_cena, pocet_ziskanych_bodov) VALUES('3803299768', 19, 23, 12, TO_DATE('2015/05/09 07:07:47', 'yyyy/mm/dd hh24:mi:ss'), TO_DATE('2014/04/01 23:13:30', 'yyyy/mm/dd hh24:mi:ss'), NULL, NULL, NULL, NULL);
INSERT INTO registracia_na_skusku(rod_cislo, id_mesta, id_firmy, id_skusky, datum, datum_registracie, datum_zrusenia, datum_zaplatenia, uctovana_cena, pocet_ziskanych_bodov) VALUES('5357266983', 19, 23, 12, TO_DATE('2015/05/09 07:07:47', 'yyyy/mm/dd hh24:mi:ss'), TO_DATE('2014/08/27 15:57:45', 'yyyy/mm/dd hh24:mi:ss'), NULL, NULL, NULL, NULL);
INSERT INTO registracia_na_skusku(rod_cislo, id_mesta, id_firmy, id_skusky, datum, datum_registracie, datum_zrusenia, datum_zaplatenia, uctovana_cena, pocet_ziskanych_bodov) VALUES('7759116828', 12, 28, 48, TO_DATE('2015/07/27 08:56:16', 'yyyy/mm/dd hh24:mi:ss'), TO_DATE('2014/06/24 18:53:23', 'yyyy/mm/dd hh24:mi:ss'), NULL, NULL, NULL, NULL);
INSERT INTO registracia_na_skusku(rod_cislo, id_mesta, id_firmy, id_skusky, datum, datum_registracie, datum_zrusenia, datum_zaplatenia, uctovana_cena, pocet_ziskanych_bodov) VALUES('0102139370', 3, 43, 79, TO_DATE('2015/06/12 23:27:53', 'yyyy/mm/dd hh24:mi:ss'), TO_DATE('2014/01/16 03:55:29', 'yyyy/mm/dd hh24:mi:ss'), NULL, NULL, NULL, NULL);
INSERT INTO registracia_na_skusku(rod_cislo, id_mesta, id_firmy, id_skusky, datum, datum_registracie, datum_zrusenia, datum_zaplatenia, uctovana_cena, pocet_ziskanych_bodov) VALUES('9812031935', 21, 79, 92, TO_DATE('2015/10/19 12:26:46', 'yyyy/mm/dd hh24:mi:ss'), TO_DATE('2014/03/18 07:45:19', 'yyyy/mm/dd hh24:mi:ss'), NULL, NULL, NULL, NULL);
INSERT INTO registracia_na_skusku(rod_cislo, id_mesta, id_firmy, id_skusky, datum, datum_registracie, datum_zrusenia, datum_zaplatenia, uctovana_cena, pocet_ziskanych_bodov) VALUES('6959354230', 1, 39, 85, TO_DATE('2015/07/19 19:13:55', 'yyyy/mm/dd hh24:mi:ss'), TO_DATE('2014/01/23 18:42:55', 'yyyy/mm/dd hh24:mi:ss'), NULL, NULL, NULL, NULL);
INSERT INTO registracia_na_skusku(rod_cislo, id_mesta, id_firmy, id_skusky, datum, datum_registracie, datum_zrusenia, datum_zaplatenia, uctovana_cena, pocet_ziskanych_bodov) VALUES('4456352693', 19, 97, 94, TO_DATE('2015/06/26 15:51:46', 'yyyy/mm/dd hh24:mi:ss'), TO_DATE('2014/01/12 05:44:43', 'yyyy/mm/dd hh24:mi:ss'), NULL, NULL, NULL, NULL);
INSERT INTO registracia_na_skusku(rod_cislo, id_mesta, id_firmy, id_skusky, datum, datum_registracie, datum_zrusenia, datum_zaplatenia, uctovana_cena, pocet_ziskanych_bodov) VALUES('3451191822', 4, 11, 50, TO_DATE('2015/09/01 02:37:47', 'yyyy/mm/dd hh24:mi:ss'), TO_DATE('2014/04/12 03:14:02', 'yyyy/mm/dd hh24:mi:ss'), NULL, NULL, NULL, NULL);
INSERT INTO registracia_na_skusku(rod_cislo, id_mesta, id_firmy, id_skusky, datum, datum_registracie, datum_zrusenia, datum_zaplatenia, uctovana_cena, pocet_ziskanych_bodov) VALUES('4302190678', 3, 70, 32, TO_DATE('2015/11/10 16:51:28', 'yyyy/mm/dd hh24:mi:ss'), TO_DATE('2014/07/19 14:35:30', 'yyyy/mm/dd hh24:mi:ss'), NULL, NULL, NULL, NULL);
INSERT INTO registracia_na_skusku(rod_cislo, id_mesta, id_firmy, id_skusky, datum, datum_registracie, datum_zrusenia, datum_zaplatenia, uctovana_cena, pocet_ziskanych_bodov) VALUES('8162269280', 25, 52, 86, TO_DATE('2015/07/01 15:11:16', 'yyyy/mm/dd hh24:mi:ss'), TO_DATE('2014/04/06 03:51:25', 'yyyy/mm/dd hh24:mi:ss'), NULL, NULL, NULL, NULL);
INSERT INTO registracia_na_skusku(rod_cislo, id_mesta, id_firmy, id_skusky, datum, datum_registracie, datum_zrusenia, datum_zaplatenia, uctovana_cena, pocet_ziskanych_bodov) VALUES('9805323602', 22, 13, 62, TO_DATE('2015/01/08 00:13:10', 'yyyy/mm/dd hh24:mi:ss'), TO_DATE('2014/07/15 20:21:52', 'yyyy/mm/dd hh24:mi:ss'), NULL, NULL, NULL, NULL);
INSERT INTO registracia_na_skusku(rod_cislo, id_mesta, id_firmy, id_skusky, datum, datum_registracie, datum_zrusenia, datum_zaplatenia, uctovana_cena, pocet_ziskanych_bodov) VALUES('2259368348', 6, 5, 68, TO_DATE('2015/07/08 15:26:39', 'yyyy/mm/dd hh24:mi:ss'), TO_DATE('2014/04/28 20:39:43', 'yyyy/mm/dd hh24:mi:ss'), NULL, NULL, NULL, NULL);
INSERT INTO registracia_na_skusku(rod_cislo, id_mesta, id_firmy, id_skusky, datum, datum_registracie, datum_zrusenia, datum_zaplatenia, uctovana_cena, pocet_ziskanych_bodov) VALUES('6562156734', 10, 5, 30, TO_DATE('2015/02/04 19:14:11', 'yyyy/mm/dd hh24:mi:ss'), TO_DATE('2014/01/16 21:47:31', 'yyyy/mm/dd hh24:mi:ss'), NULL, NULL, NULL, NULL);
INSERT INTO registracia_na_skusku(rod_cislo, id_mesta, id_firmy, id_skusky, datum, datum_registracie, datum_zrusenia, datum_zaplatenia, uctovana_cena, pocet_ziskanych_bodov) VALUES('8258001314', 24, 95, 6, TO_DATE('2015/01/13 22:56:14', 'yyyy/mm/dd hh24:mi:ss'), TO_DATE('2014/01/15 11:31:49', 'yyyy/mm/dd hh24:mi:ss'), NULL, NULL, NULL, NULL);
INSERT INTO registracia_na_skusku(rod_cislo, id_mesta, id_firmy, id_skusky, datum, datum_registracie, datum_zrusenia, datum_zaplatenia, uctovana_cena, pocet_ziskanych_bodov) VALUES('6706392070', 21, 31, 54, TO_DATE('2015/08/18 13:27:30', 'yyyy/mm/dd hh24:mi:ss'), TO_DATE('2014/11/06 05:58:08', 'yyyy/mm/dd hh24:mi:ss'), NULL, NULL, NULL, NULL);
INSERT INTO registracia_na_skusku(rod_cislo, id_mesta, id_firmy, id_skusky, datum, datum_registracie, datum_zrusenia, datum_zaplatenia, uctovana_cena, pocet_ziskanych_bodov) VALUES('1808209263', 21, 21, 94, TO_DATE('2015/11/25 05:15:43', 'yyyy/mm/dd hh24:mi:ss'), TO_DATE('2014/07/28 07:48:59', 'yyyy/mm/dd hh24:mi:ss'), NULL, NULL, NULL, NULL);
INSERT INTO registracia_na_skusku(rod_cislo, id_mesta, id_firmy, id_skusky, datum, datum_registracie, datum_zrusenia, datum_zaplatenia, uctovana_cena, pocet_ziskanych_bodov) VALUES('2808362708', 3, 16, 91, TO_DATE('2015/02/21 00:15:57', 'yyyy/mm/dd hh24:mi:ss'), TO_DATE('2014/05/01 19:26:40', 'yyyy/mm/dd hh24:mi:ss'), NULL, NULL, NULL, NULL);
INSERT INTO registracia_na_skusku(rod_cislo, id_mesta, id_firmy, id_skusky, datum, datum_registracie, datum_zrusenia, datum_zaplatenia, uctovana_cena, pocet_ziskanych_bodov) VALUES('3410110697', 24, 46, 76, TO_DATE('2015/11/23 19:40:18', 'yyyy/mm/dd hh24:mi:ss'), TO_DATE('2014/03/16 20:34:19', 'yyyy/mm/dd hh24:mi:ss'), NULL, NULL, NULL, NULL);
INSERT INTO registracia_na_skusku(rod_cislo, id_mesta, id_firmy, id_skusky, datum, datum_registracie, datum_zrusenia, datum_zaplatenia, uctovana_cena, pocet_ziskanych_bodov) VALUES('6452076349', 22, 13, 62, TO_DATE('2015/01/08 00:13:10', 'yyyy/mm/dd hh24:mi:ss'), TO_DATE('2014/07/14 10:41:44', 'yyyy/mm/dd hh24:mi:ss'), NULL, NULL, NULL, NULL);
INSERT INTO registracia_na_skusku(rod_cislo, id_mesta, id_firmy, id_skusky, datum, datum_registracie, datum_zrusenia, datum_zaplatenia, uctovana_cena, pocet_ziskanych_bodov) VALUES('9654123322', 3, 57, 91, TO_DATE('2015/08/04 12:30:53', 'yyyy/mm/dd hh24:mi:ss'), TO_DATE('2014/09/19 07:09:45', 'yyyy/mm/dd hh24:mi:ss'), NULL, NULL, NULL, NULL);
INSERT INTO registracia_na_skusku(rod_cislo, id_mesta, id_firmy, id_skusky, datum, datum_registracie, datum_zrusenia, datum_zaplatenia, uctovana_cena, pocet_ziskanych_bodov) VALUES('0455081607', 5, 59, 75, TO_DATE('2015/03/07 09:09:43', 'yyyy/mm/dd hh24:mi:ss'), TO_DATE('2014/05/18 05:52:05', 'yyyy/mm/dd hh24:mi:ss'), NULL, NULL, NULL, NULL);
INSERT INTO registracia_na_skusku(rod_cislo, id_mesta, id_firmy, id_skusky, datum, datum_registracie, datum_zrusenia, datum_zaplatenia, uctovana_cena, pocet_ziskanych_bodov) VALUES('6604303865', 10, 5, 30, TO_DATE('2015/02/04 19:14:11', 'yyyy/mm/dd hh24:mi:ss'), TO_DATE('2014/04/27 19:38:39', 'yyyy/mm/dd hh24:mi:ss'), NULL, NULL, NULL, NULL);
INSERT INTO registracia_na_skusku(rod_cislo, id_mesta, id_firmy, id_skusky, datum, datum_registracie, datum_zrusenia, datum_zaplatenia, uctovana_cena, pocet_ziskanych_bodov) VALUES('2902072718', 16, 29, 88, TO_DATE('2015/07/18 10:12:02', 'yyyy/mm/dd hh24:mi:ss'), TO_DATE('2014/09/01 00:24:49', 'yyyy/mm/dd hh24:mi:ss'), NULL, NULL, NULL, NULL);
INSERT INTO registracia_na_skusku(rod_cislo, id_mesta, id_firmy, id_skusky, datum, datum_registracie, datum_zrusenia, datum_zaplatenia, uctovana_cena, pocet_ziskanych_bodov) VALUES('2858262756', 13, 8, 47, TO_DATE('2015/09/21 17:43:01', 'yyyy/mm/dd hh24:mi:ss'), TO_DATE('2014/03/04 02:20:06', 'yyyy/mm/dd hh24:mi:ss'), NULL, NULL, NULL, NULL);
INSERT INTO registracia_na_skusku(rod_cislo, id_mesta, id_firmy, id_skusky, datum, datum_registracie, datum_zrusenia, datum_zaplatenia, uctovana_cena, pocet_ziskanych_bodov) VALUES('6655065919', 18, 81, 23, TO_DATE('2015/01/12 08:15:10', 'yyyy/mm/dd hh24:mi:ss'), TO_DATE('2014/05/12 04:27:27', 'yyyy/mm/dd hh24:mi:ss'), NULL, NULL, NULL, NULL);
INSERT INTO registracia_na_skusku(rod_cislo, id_mesta, id_firmy, id_skusky, datum, datum_registracie, datum_zrusenia, datum_zaplatenia, uctovana_cena, pocet_ziskanych_bodov) VALUES('2112368953', 9, 73, 56, TO_DATE('2015/04/18 11:16:45', 'yyyy/mm/dd hh24:mi:ss'), TO_DATE('2014/04/02 07:16:53', 'yyyy/mm/dd hh24:mi:ss'), NULL, NULL, NULL, NULL);
INSERT INTO registracia_na_skusku(rod_cislo, id_mesta, id_firmy, id_skusky, datum, datum_registracie, datum_zrusenia, datum_zaplatenia, uctovana_cena, pocet_ziskanych_bodov) VALUES('2707254170', 17, 9, 65, TO_DATE('2015/09/27 14:18:43', 'yyyy/mm/dd hh24:mi:ss'), TO_DATE('2014/04/01 10:19:52', 'yyyy/mm/dd hh24:mi:ss'), NULL, NULL, NULL, NULL);
INSERT INTO registracia_na_skusku(rod_cislo, id_mesta, id_firmy, id_skusky, datum, datum_registracie, datum_zrusenia, datum_zaplatenia, uctovana_cena, pocet_ziskanych_bodov) VALUES('9661051724', 12, 99, 42, TO_DATE('2015/10/23 03:20:28', 'yyyy/mm/dd hh24:mi:ss'), TO_DATE('2014/04/27 13:41:51', 'yyyy/mm/dd hh24:mi:ss'), NULL, NULL, NULL, NULL);
INSERT INTO registracia_na_skusku(rod_cislo, id_mesta, id_firmy, id_skusky, datum, datum_registracie, datum_zrusenia, datum_zaplatenia, uctovana_cena, pocet_ziskanych_bodov) VALUES('2305133206', 13, 8, 47, TO_DATE('2015/09/21 17:43:01', 'yyyy/mm/dd hh24:mi:ss'), TO_DATE('2014/11/14 01:54:06', 'yyyy/mm/dd hh24:mi:ss'), NULL, NULL, NULL, NULL);
INSERT INTO registracia_na_skusku(rod_cislo, id_mesta, id_firmy, id_skusky, datum, datum_registracie, datum_zrusenia, datum_zaplatenia, uctovana_cena, pocet_ziskanych_bodov) VALUES('9502087390', 8, 43, 73, TO_DATE('2015/01/21 08:03:37', 'yyyy/mm/dd hh24:mi:ss'), TO_DATE('2014/11/17 10:33:14', 'yyyy/mm/dd hh24:mi:ss'), NULL, NULL, NULL, NULL);
INSERT INTO registracia_na_skusku(rod_cislo, id_mesta, id_firmy, id_skusky, datum, datum_registracie, datum_zrusenia, datum_zaplatenia, uctovana_cena, pocet_ziskanych_bodov) VALUES('2211123729', 3, 43, 79, TO_DATE('2015/06/12 23:27:53', 'yyyy/mm/dd hh24:mi:ss'), TO_DATE('2014/03/24 20:58:40', 'yyyy/mm/dd hh24:mi:ss'), NULL, NULL, NULL, NULL);
INSERT INTO registracia_na_skusku(rod_cislo, id_mesta, id_firmy, id_skusky, datum, datum_registracie, datum_zrusenia, datum_zaplatenia, uctovana_cena, pocet_ziskanych_bodov) VALUES('0259059787', 13, 8, 47, TO_DATE('2015/09/21 17:43:01', 'yyyy/mm/dd hh24:mi:ss'), TO_DATE('2014/02/17 03:22:21', 'yyyy/mm/dd hh24:mi:ss'), NULL, NULL, NULL, NULL);
INSERT INTO registracia_na_skusku(rod_cislo, id_mesta, id_firmy, id_skusky, datum, datum_registracie, datum_zrusenia, datum_zaplatenia, uctovana_cena, pocet_ziskanych_bodov) VALUES('3005198373', 24, 46, 76, TO_DATE('2015/11/23 19:40:18', 'yyyy/mm/dd hh24:mi:ss'), TO_DATE('2014/11/28 04:29:56', 'yyyy/mm/dd hh24:mi:ss'), NULL, NULL, NULL, NULL);
INSERT INTO registracia_na_skusku(rod_cislo, id_mesta, id_firmy, id_skusky, datum, datum_registracie, datum_zrusenia, datum_zaplatenia, uctovana_cena, pocet_ziskanych_bodov) VALUES('1103107337', 5, 1, 24, TO_DATE('2015/02/22 17:59:24', 'yyyy/mm/dd hh24:mi:ss'), TO_DATE('2014/04/28 10:12:39', 'yyyy/mm/dd hh24:mi:ss'), NULL, NULL, NULL, NULL);
INSERT INTO registracia_na_skusku(rod_cislo, id_mesta, id_firmy, id_skusky, datum, datum_registracie, datum_zrusenia, datum_zaplatenia, uctovana_cena, pocet_ziskanych_bodov) VALUES('7804331869', 24, 46, 76, TO_DATE('2015/11/23 19:40:18', 'yyyy/mm/dd hh24:mi:ss'), TO_DATE('2014/12/06 13:14:34', 'yyyy/mm/dd hh24:mi:ss'), NULL, NULL, NULL, NULL);
INSERT INTO registracia_na_skusku(rod_cislo, id_mesta, id_firmy, id_skusky, datum, datum_registracie, datum_zrusenia, datum_zaplatenia, uctovana_cena, pocet_ziskanych_bodov) VALUES('6202275280', 21, 79, 92, TO_DATE('2015/10/19 12:26:46', 'yyyy/mm/dd hh24:mi:ss'), TO_DATE('2014/03/02 17:04:29', 'yyyy/mm/dd hh24:mi:ss'), NULL, NULL, NULL, NULL);
INSERT INTO registracia_na_skusku(rod_cislo, id_mesta, id_firmy, id_skusky, datum, datum_registracie, datum_zrusenia, datum_zaplatenia, uctovana_cena, pocet_ziskanych_bodov) VALUES('9961387997', 3, 57, 91, TO_DATE('2015/08/04 12:30:53', 'yyyy/mm/dd hh24:mi:ss'), TO_DATE('2014/10/16 11:26:52', 'yyyy/mm/dd hh24:mi:ss'), NULL, NULL, NULL, NULL);
INSERT INTO registracia_na_skusku(rod_cislo, id_mesta, id_firmy, id_skusky, datum, datum_registracie, datum_zrusenia, datum_zaplatenia, uctovana_cena, pocet_ziskanych_bodov) VALUES('1757016386', 16, 29, 88, TO_DATE('2015/07/18 10:12:02', 'yyyy/mm/dd hh24:mi:ss'), TO_DATE('2014/01/27 20:24:11', 'yyyy/mm/dd hh24:mi:ss'), NULL, NULL, NULL, NULL);
INSERT INTO registracia_na_skusku(rod_cislo, id_mesta, id_firmy, id_skusky, datum, datum_registracie, datum_zrusenia, datum_zaplatenia, uctovana_cena, pocet_ziskanych_bodov) VALUES('4811356214', 14, 15, 33, TO_DATE('2015/03/21 23:07:48', 'yyyy/mm/dd hh24:mi:ss'), TO_DATE('2014/02/08 04:17:05', 'yyyy/mm/dd hh24:mi:ss'), NULL, NULL, NULL, NULL);
INSERT INTO registracia_na_skusku(rod_cislo, id_mesta, id_firmy, id_skusky, datum, datum_registracie, datum_zrusenia, datum_zaplatenia, uctovana_cena, pocet_ziskanych_bodov) VALUES('3953000742', 5, 40, 33, TO_DATE('2015/10/25 19:05:47', 'yyyy/mm/dd hh24:mi:ss'), TO_DATE('2014/09/04 16:42:58', 'yyyy/mm/dd hh24:mi:ss'), NULL, NULL, NULL, NULL);
INSERT INTO registracia_na_skusku(rod_cislo, id_mesta, id_firmy, id_skusky, datum, datum_registracie, datum_zrusenia, datum_zaplatenia, uctovana_cena, pocet_ziskanych_bodov) VALUES('9053259573', 7, 21, 96, TO_DATE('2015/03/14 11:44:10', 'yyyy/mm/dd hh24:mi:ss'), TO_DATE('2014/12/10 06:46:52', 'yyyy/mm/dd hh24:mi:ss'), NULL, NULL, NULL, NULL);
INSERT INTO registracia_na_skusku(rod_cislo, id_mesta, id_firmy, id_skusky, datum, datum_registracie, datum_zrusenia, datum_zaplatenia, uctovana_cena, pocet_ziskanych_bodov) VALUES('2102003437', 3, 70, 32, TO_DATE('2015/11/10 16:51:28', 'yyyy/mm/dd hh24:mi:ss'), TO_DATE('2014/04/17 22:51:37', 'yyyy/mm/dd hh24:mi:ss'), NULL, NULL, NULL, NULL);
INSERT INTO registracia_na_skusku(rod_cislo, id_mesta, id_firmy, id_skusky, datum, datum_registracie, datum_zrusenia, datum_zaplatenia, uctovana_cena, pocet_ziskanych_bodov) VALUES('9212102653', 20, 75, 34, TO_DATE('2015/05/17 18:40:09', 'yyyy/mm/dd hh24:mi:ss'), TO_DATE('2014/11/09 12:19:05', 'yyyy/mm/dd hh24:mi:ss'), NULL, NULL, NULL, NULL);
INSERT INTO registracia_na_skusku(rod_cislo, id_mesta, id_firmy, id_skusky, datum, datum_registracie, datum_zrusenia, datum_zaplatenia, uctovana_cena, pocet_ziskanych_bodov) VALUES('0007018902', 20, 75, 34, TO_DATE('2015/05/17 18:40:09', 'yyyy/mm/dd hh24:mi:ss'), TO_DATE('2014/08/12 16:51:52', 'yyyy/mm/dd hh24:mi:ss'), NULL, NULL, NULL, NULL);
INSERT INTO registracia_na_skusku(rod_cislo, id_mesta, id_firmy, id_skusky, datum, datum_registracie, datum_zrusenia, datum_zaplatenia, uctovana_cena, pocet_ziskanych_bodov) VALUES('8910333188', 25, 60, 100, TO_DATE('2015/06/20 02:28:38', 'yyyy/mm/dd hh24:mi:ss'), TO_DATE('2014/09/25 00:59:34', 'yyyy/mm/dd hh24:mi:ss'), NULL, NULL, NULL, NULL);
INSERT INTO registracia_na_skusku(rod_cislo, id_mesta, id_firmy, id_skusky, datum, datum_registracie, datum_zrusenia, datum_zaplatenia, uctovana_cena, pocet_ziskanych_bodov) VALUES('1754392700', 11, 35, 46, TO_DATE('2015/05/16 16:52:14', 'yyyy/mm/dd hh24:mi:ss'), TO_DATE('2014/02/25 00:43:52', 'yyyy/mm/dd hh24:mi:ss'), NULL, NULL, NULL, NULL);
INSERT INTO registracia_na_skusku(rod_cislo, id_mesta, id_firmy, id_skusky, datum, datum_registracie, datum_zrusenia, datum_zaplatenia, uctovana_cena, pocet_ziskanych_bodov) VALUES('0108396255', 25, 52, 86, TO_DATE('2015/07/01 15:11:16', 'yyyy/mm/dd hh24:mi:ss'), TO_DATE('2014/01/14 03:36:49', 'yyyy/mm/dd hh24:mi:ss'), NULL, NULL, NULL, NULL);
INSERT INTO registracia_na_skusku(rod_cislo, id_mesta, id_firmy, id_skusky, datum, datum_registracie, datum_zrusenia, datum_zaplatenia, uctovana_cena, pocet_ziskanych_bodov) VALUES('2361061632', 8, 43, 73, TO_DATE('2015/01/21 08:03:37', 'yyyy/mm/dd hh24:mi:ss'), TO_DATE('2014/07/26 22:16:04', 'yyyy/mm/dd hh24:mi:ss'), NULL, NULL, NULL, NULL);
INSERT INTO registracia_na_skusku(rod_cislo, id_mesta, id_firmy, id_skusky, datum, datum_registracie, datum_zrusenia, datum_zaplatenia, uctovana_cena, pocet_ziskanych_bodov) VALUES('2562190976', 9, 73, 56, TO_DATE('2015/04/18 11:16:45', 'yyyy/mm/dd hh24:mi:ss'), TO_DATE('2014/12/24 01:19:13', 'yyyy/mm/dd hh24:mi:ss'), NULL, NULL, NULL, NULL);
INSERT INTO registracia_na_skusku(rod_cislo, id_mesta, id_firmy, id_skusky, datum, datum_registracie, datum_zrusenia, datum_zaplatenia, uctovana_cena, pocet_ziskanych_bodov) VALUES('2361380907', 22, 13, 62, TO_DATE('2015/01/08 00:13:10', 'yyyy/mm/dd hh24:mi:ss'), TO_DATE('2014/08/26 14:09:22', 'yyyy/mm/dd hh24:mi:ss'), NULL, NULL, NULL, NULL);
INSERT INTO registracia_na_skusku(rod_cislo, id_mesta, id_firmy, id_skusky, datum, datum_registracie, datum_zrusenia, datum_zaplatenia, uctovana_cena, pocet_ziskanych_bodov) VALUES('0105090461', 13, 8, 47, TO_DATE('2015/09/21 17:43:01', 'yyyy/mm/dd hh24:mi:ss'), TO_DATE('2014/03/06 03:30:17', 'yyyy/mm/dd hh24:mi:ss'), NULL, NULL, NULL, NULL);
INSERT INTO registracia_na_skusku(rod_cislo, id_mesta, id_firmy, id_skusky, datum, datum_registracie, datum_zrusenia, datum_zaplatenia, uctovana_cena, pocet_ziskanych_bodov) VALUES('2652162452', 5, 59, 75, TO_DATE('2015/03/07 09:09:43', 'yyyy/mm/dd hh24:mi:ss'), TO_DATE('2014/12/06 01:31:26', 'yyyy/mm/dd hh24:mi:ss'), NULL, NULL, NULL, NULL);
INSERT INTO registracia_na_skusku(rod_cislo, id_mesta, id_firmy, id_skusky, datum, datum_registracie, datum_zrusenia, datum_zaplatenia, uctovana_cena, pocet_ziskanych_bodov) VALUES('2112368953', 3, 57, 91, TO_DATE('2015/08/04 12:30:53', 'yyyy/mm/dd hh24:mi:ss'), TO_DATE('2014/03/02 06:49:31', 'yyyy/mm/dd hh24:mi:ss'), NULL, NULL, NULL, NULL);
INSERT INTO registracia_na_skusku(rod_cislo, id_mesta, id_firmy, id_skusky, datum, datum_registracie, datum_zrusenia, datum_zaplatenia, uctovana_cena, pocet_ziskanych_bodov) VALUES('8612036805', 9, 89, 73, TO_DATE('2015/09/03 04:31:53', 'yyyy/mm/dd hh24:mi:ss'), TO_DATE('2014/12/06 12:44:32', 'yyyy/mm/dd hh24:mi:ss'), NULL, NULL, NULL, NULL);
INSERT INTO registracia_na_skusku(rod_cislo, id_mesta, id_firmy, id_skusky, datum, datum_registracie, datum_zrusenia, datum_zaplatenia, uctovana_cena, pocet_ziskanych_bodov) VALUES('1058282918', 5, 40, 33, TO_DATE('2015/10/25 19:05:47', 'yyyy/mm/dd hh24:mi:ss'), TO_DATE('2014/08/04 21:18:57', 'yyyy/mm/dd hh24:mi:ss'), NULL, NULL, NULL, NULL);
INSERT INTO registracia_na_skusku(rod_cislo, id_mesta, id_firmy, id_skusky, datum, datum_registracie, datum_zrusenia, datum_zaplatenia, uctovana_cena, pocet_ziskanych_bodov) VALUES('3953000742', 6, 47, 74, TO_DATE('2015/12/16 12:37:31', 'yyyy/mm/dd hh24:mi:ss'), TO_DATE('2014/06/17 07:38:12', 'yyyy/mm/dd hh24:mi:ss'), NULL, NULL, NULL, NULL);
INSERT INTO registracia_na_skusku(rod_cislo, id_mesta, id_firmy, id_skusky, datum, datum_registracie, datum_zrusenia, datum_zaplatenia, uctovana_cena, pocet_ziskanych_bodov) VALUES('8809314443', 6, 47, 74, TO_DATE('2015/12/16 12:37:31', 'yyyy/mm/dd hh24:mi:ss'), TO_DATE('2014/03/16 03:18:42', 'yyyy/mm/dd hh24:mi:ss'), NULL, NULL, NULL, NULL);
INSERT INTO registracia_na_skusku(rod_cislo, id_mesta, id_firmy, id_skusky, datum, datum_registracie, datum_zrusenia, datum_zaplatenia, uctovana_cena, pocet_ziskanych_bodov) VALUES('3501351192', 6, 5, 68, TO_DATE('2015/07/08 15:26:39', 'yyyy/mm/dd hh24:mi:ss'), TO_DATE('2014/06/17 14:43:41', 'yyyy/mm/dd hh24:mi:ss'), NULL, NULL, NULL, NULL);
INSERT INTO registracia_na_skusku(rod_cislo, id_mesta, id_firmy, id_skusky, datum, datum_registracie, datum_zrusenia, datum_zaplatenia, uctovana_cena, pocet_ziskanych_bodov) VALUES('0106052413', 4, 11, 50, TO_DATE('2015/09/01 02:37:47', 'yyyy/mm/dd hh24:mi:ss'), TO_DATE('2014/11/15 11:33:29', 'yyyy/mm/dd hh24:mi:ss'), NULL, NULL, NULL, NULL);
INSERT INTO registracia_na_skusku(rod_cislo, id_mesta, id_firmy, id_skusky, datum, datum_registracie, datum_zrusenia, datum_zaplatenia, uctovana_cena, pocet_ziskanych_bodov) VALUES('3953000742', 25, 52, 86, TO_DATE('2015/07/01 15:11:16', 'yyyy/mm/dd hh24:mi:ss'), TO_DATE('2014/02/06 14:29:22', 'yyyy/mm/dd hh24:mi:ss'), NULL, NULL, NULL, NULL);
INSERT INTO registracia_na_skusku(rod_cislo, id_mesta, id_firmy, id_skusky, datum, datum_registracie, datum_zrusenia, datum_zaplatenia, uctovana_cena, pocet_ziskanych_bodov) VALUES('3410110697', 18, 81, 23, TO_DATE('2015/01/12 08:15:10', 'yyyy/mm/dd hh24:mi:ss'), TO_DATE('2014/09/26 16:43:17', 'yyyy/mm/dd hh24:mi:ss'), NULL, NULL, NULL, NULL);
INSERT INTO registracia_na_skusku(rod_cislo, id_mesta, id_firmy, id_skusky, datum, datum_registracie, datum_zrusenia, datum_zaplatenia, uctovana_cena, pocet_ziskanych_bodov) VALUES('1203187746', 19, 2, 73, TO_DATE('2015/02/03 22:22:16', 'yyyy/mm/dd hh24:mi:ss'), TO_DATE('2014/12/11 03:30:34', 'yyyy/mm/dd hh24:mi:ss'), NULL, NULL, NULL, NULL);
INSERT INTO registracia_na_skusku(rod_cislo, id_mesta, id_firmy, id_skusky, datum, datum_registracie, datum_zrusenia, datum_zaplatenia, uctovana_cena, pocet_ziskanych_bodov) VALUES('3707134317', 19, 97, 94, TO_DATE('2015/06/26 15:51:46', 'yyyy/mm/dd hh24:mi:ss'), TO_DATE('2014/07/08 18:26:23', 'yyyy/mm/dd hh24:mi:ss'), NULL, NULL, NULL, NULL);
INSERT INTO registracia_na_skusku(rod_cislo, id_mesta, id_firmy, id_skusky, datum, datum_registracie, datum_zrusenia, datum_zaplatenia, uctovana_cena, pocet_ziskanych_bodov) VALUES('6206231514', 25, 29, 31, TO_DATE('2015/01/01 12:04:37', 'yyyy/mm/dd hh24:mi:ss'), TO_DATE('2014/09/10 01:31:01', 'yyyy/mm/dd hh24:mi:ss'), NULL, NULL, NULL, NULL);
INSERT INTO registracia_na_skusku(rod_cislo, id_mesta, id_firmy, id_skusky, datum, datum_registracie, datum_zrusenia, datum_zaplatenia, uctovana_cena, pocet_ziskanych_bodov) VALUES('0808289464', 11, 35, 46, TO_DATE('2015/05/16 16:52:14', 'yyyy/mm/dd hh24:mi:ss'), TO_DATE('2014/03/25 07:35:32', 'yyyy/mm/dd hh24:mi:ss'), NULL, NULL, NULL, NULL);
INSERT INTO registracia_na_skusku(rod_cislo, id_mesta, id_firmy, id_skusky, datum, datum_registracie, datum_zrusenia, datum_zaplatenia, uctovana_cena, pocet_ziskanych_bodov) VALUES('8805278028', 5, 59, 75, TO_DATE('2015/03/07 09:09:43', 'yyyy/mm/dd hh24:mi:ss'), TO_DATE('2014/11/03 05:00:14', 'yyyy/mm/dd hh24:mi:ss'), NULL, NULL, NULL, NULL);
INSERT INTO registracia_na_skusku(rod_cislo, id_mesta, id_firmy, id_skusky, datum, datum_registracie, datum_zrusenia, datum_zaplatenia, uctovana_cena, pocet_ziskanych_bodov) VALUES('1511247516', 21, 31, 54, TO_DATE('2015/08/18 13:27:30', 'yyyy/mm/dd hh24:mi:ss'), TO_DATE('2014/02/14 18:53:01', 'yyyy/mm/dd hh24:mi:ss'), NULL, NULL, NULL, NULL);
INSERT INTO registracia_na_skusku(rod_cislo, id_mesta, id_firmy, id_skusky, datum, datum_registracie, datum_zrusenia, datum_zaplatenia, uctovana_cena, pocet_ziskanych_bodov) VALUES('1409108892', 3, 43, 79, TO_DATE('2015/06/12 23:27:53', 'yyyy/mm/dd hh24:mi:ss'), TO_DATE('2014/02/28 09:53:40', 'yyyy/mm/dd hh24:mi:ss'), NULL, NULL, NULL, NULL);
INSERT INTO registracia_na_skusku(rod_cislo, id_mesta, id_firmy, id_skusky, datum, datum_registracie, datum_zrusenia, datum_zaplatenia, uctovana_cena, pocet_ziskanych_bodov) VALUES('1303079827', 1, 39, 85, TO_DATE('2015/07/19 19:13:55', 'yyyy/mm/dd hh24:mi:ss'), TO_DATE('2014/04/03 07:05:45', 'yyyy/mm/dd hh24:mi:ss'), NULL, NULL, NULL, NULL);
INSERT INTO registracia_na_skusku(rod_cislo, id_mesta, id_firmy, id_skusky, datum, datum_registracie, datum_zrusenia, datum_zaplatenia, uctovana_cena, pocet_ziskanych_bodov) VALUES('7759340176', 6, 47, 74, TO_DATE('2015/12/16 12:37:31', 'yyyy/mm/dd hh24:mi:ss'), TO_DATE('2014/01/25 15:51:54', 'yyyy/mm/dd hh24:mi:ss'), NULL, NULL, NULL, NULL);
INSERT INTO registracia_na_skusku(rod_cislo, id_mesta, id_firmy, id_skusky, datum, datum_registracie, datum_zrusenia, datum_zaplatenia, uctovana_cena, pocet_ziskanych_bodov) VALUES('0854289504', 19, 2, 73, TO_DATE('2015/02/03 22:22:16', 'yyyy/mm/dd hh24:mi:ss'), TO_DATE('2014/01/03 04:46:32', 'yyyy/mm/dd hh24:mi:ss'), NULL, NULL, NULL, NULL);
INSERT INTO registracia_na_skusku(rod_cislo, id_mesta, id_firmy, id_skusky, datum, datum_registracie, datum_zrusenia, datum_zaplatenia, uctovana_cena, pocet_ziskanych_bodov) VALUES('3506273258', 12, 28, 48, TO_DATE('2015/07/27 08:56:16', 'yyyy/mm/dd hh24:mi:ss'), TO_DATE('2014/03/22 21:36:33', 'yyyy/mm/dd hh24:mi:ss'), NULL, NULL, NULL, NULL);
INSERT INTO registracia_na_skusku(rod_cislo, id_mesta, id_firmy, id_skusky, datum, datum_registracie, datum_zrusenia, datum_zaplatenia, uctovana_cena, pocet_ziskanych_bodov) VALUES('8503178482', 5, 59, 75, TO_DATE('2015/03/07 09:09:43', 'yyyy/mm/dd hh24:mi:ss'), TO_DATE('2014/02/11 17:00:01', 'yyyy/mm/dd hh24:mi:ss'), NULL, NULL, NULL, NULL);
INSERT INTO registracia_na_skusku(rod_cislo, id_mesta, id_firmy, id_skusky, datum, datum_registracie, datum_zrusenia, datum_zaplatenia, uctovana_cena, pocet_ziskanych_bodov) VALUES('0403292843', 21, 31, 54, TO_DATE('2015/08/18 13:27:30', 'yyyy/mm/dd hh24:mi:ss'), TO_DATE('2014/08/13 11:38:49', 'yyyy/mm/dd hh24:mi:ss'), NULL, NULL, NULL, NULL);
INSERT INTO registracia_na_skusku(rod_cislo, id_mesta, id_firmy, id_skusky, datum, datum_registracie, datum_zrusenia, datum_zaplatenia, uctovana_cena, pocet_ziskanych_bodov) VALUES('9211153271', 24, 95, 6, TO_DATE('2015/01/13 22:56:14', 'yyyy/mm/dd hh24:mi:ss'), TO_DATE('2014/06/27 02:14:02', 'yyyy/mm/dd hh24:mi:ss'), NULL, NULL, NULL, NULL);
INSERT INTO registracia_na_skusku(rod_cislo, id_mesta, id_firmy, id_skusky, datum, datum_registracie, datum_zrusenia, datum_zaplatenia, uctovana_cena, pocet_ziskanych_bodov) VALUES('8008220580', 12, 28, 48, TO_DATE('2015/07/27 08:56:16', 'yyyy/mm/dd hh24:mi:ss'), TO_DATE('2014/10/20 00:24:22', 'yyyy/mm/dd hh24:mi:ss'), NULL, NULL, NULL, NULL);
INSERT INTO registracia_na_skusku(rod_cislo, id_mesta, id_firmy, id_skusky, datum, datum_registracie, datum_zrusenia, datum_zaplatenia, uctovana_cena, pocet_ziskanych_bodov) VALUES('1553150522', 8, 43, 73, TO_DATE('2015/01/21 08:03:37', 'yyyy/mm/dd hh24:mi:ss'), TO_DATE('2014/05/04 16:54:50', 'yyyy/mm/dd hh24:mi:ss'), NULL, NULL, NULL, NULL);
INSERT INTO registracia_na_skusku(rod_cislo, id_mesta, id_firmy, id_skusky, datum, datum_registracie, datum_zrusenia, datum_zaplatenia, uctovana_cena, pocet_ziskanych_bodov) VALUES('0802336853', 3, 70, 32, TO_DATE('2015/11/10 16:51:28', 'yyyy/mm/dd hh24:mi:ss'), TO_DATE('2014/05/14 06:43:34', 'yyyy/mm/dd hh24:mi:ss'), NULL, NULL, NULL, NULL);
INSERT INTO registracia_na_skusku(rod_cislo, id_mesta, id_firmy, id_skusky, datum, datum_registracie, datum_zrusenia, datum_zaplatenia, uctovana_cena, pocet_ziskanych_bodov) VALUES('4007093337', 21, 21, 94, TO_DATE('2015/11/25 05:15:43', 'yyyy/mm/dd hh24:mi:ss'), TO_DATE('2014/06/27 22:43:26', 'yyyy/mm/dd hh24:mi:ss'), NULL, NULL, NULL, NULL);
INSERT INTO registracia_na_skusku(rod_cislo, id_mesta, id_firmy, id_skusky, datum, datum_registracie, datum_zrusenia, datum_zaplatenia, uctovana_cena, pocet_ziskanych_bodov) VALUES('2003361068', 19, 2, 73, TO_DATE('2015/02/03 22:22:16', 'yyyy/mm/dd hh24:mi:ss'), TO_DATE('2014/10/23 05:07:23', 'yyyy/mm/dd hh24:mi:ss'), NULL, NULL, NULL, NULL);
INSERT INTO registracia_na_skusku(rod_cislo, id_mesta, id_firmy, id_skusky, datum, datum_registracie, datum_zrusenia, datum_zaplatenia, uctovana_cena, pocet_ziskanych_bodov) VALUES('1755323801', 3, 70, 32, TO_DATE('2015/11/10 16:51:28', 'yyyy/mm/dd hh24:mi:ss'), TO_DATE('2014/01/11 07:22:28', 'yyyy/mm/dd hh24:mi:ss'), NULL, NULL, NULL, NULL);
INSERT INTO registracia_na_skusku(rod_cislo, id_mesta, id_firmy, id_skusky, datum, datum_registracie, datum_zrusenia, datum_zaplatenia, uctovana_cena, pocet_ziskanych_bodov) VALUES('0606369841', 1, 8, 43, TO_DATE('2015/03/21 00:36:15', 'yyyy/mm/dd hh24:mi:ss'), TO_DATE('2014/10/04 03:56:26', 'yyyy/mm/dd hh24:mi:ss'), NULL, NULL, NULL, NULL);

--### Generujem VydanÈ certifik·ty ###

INSERT INTO vydany_certifikat(id_certifikatu, rod_cislo, datum_ziskania, platnost_do) VALUES(8, '6503169993', TO_DATE('2009/01/13 11:05:49', 'yyyy/mm/dd hh24:mi:ss'), TO_DATE('2015/12/19 15:34:50', 'yyyy/mm/dd hh24:mi:ss'));
INSERT INTO vydany_certifikat(id_certifikatu, rod_cislo, datum_ziskania, platnost_do) VALUES(4, '6307311043', TO_DATE('2008/05/28 12:12:11', 'yyyy/mm/dd hh24:mi:ss'), TO_DATE('2014/08/27 21:21:47', 'yyyy/mm/dd hh24:mi:ss'));
INSERT INTO vydany_certifikat(id_certifikatu, rod_cislo, datum_ziskania, platnost_do) VALUES(10, '5708255769', TO_DATE('2011/05/20 10:53:48', 'yyyy/mm/dd hh24:mi:ss'), TO_DATE('2014/09/21 22:30:07', 'yyyy/mm/dd hh24:mi:ss'));
INSERT INTO vydany_certifikat(id_certifikatu, rod_cislo, datum_ziskania, platnost_do) VALUES(4, '1602351932', TO_DATE('2007/08/12 03:41:17', 'yyyy/mm/dd hh24:mi:ss'), TO_DATE('2015/08/23 09:41:56', 'yyyy/mm/dd hh24:mi:ss'));
INSERT INTO vydany_certifikat(id_certifikatu, rod_cislo, datum_ziskania, platnost_do) VALUES(3, '8861201122', TO_DATE('2009/06/26 22:57:24', 'yyyy/mm/dd hh24:mi:ss'), TO_DATE('2015/09/16 05:12:20', 'yyyy/mm/dd hh24:mi:ss'));
INSERT INTO vydany_certifikat(id_certifikatu, rod_cislo, datum_ziskania, platnost_do) VALUES(3, '9903255580', TO_DATE('2009/10/03 05:02:22', 'yyyy/mm/dd hh24:mi:ss'), TO_DATE('2014/02/05 20:18:48', 'yyyy/mm/dd hh24:mi:ss'));
INSERT INTO vydany_certifikat(id_certifikatu, rod_cislo, datum_ziskania, platnost_do) VALUES(10, '7257318643', TO_DATE('2005/03/10 15:44:31', 'yyyy/mm/dd hh24:mi:ss'), TO_DATE('2014/02/25 23:14:01', 'yyyy/mm/dd hh24:mi:ss'));
INSERT INTO vydany_certifikat(id_certifikatu, rod_cislo, datum_ziskania, platnost_do) VALUES(1, '9202309557', TO_DATE('2006/11/20 04:42:23', 'yyyy/mm/dd hh24:mi:ss'), TO_DATE('2017/03/27 01:09:32', 'yyyy/mm/dd hh24:mi:ss'));
INSERT INTO vydany_certifikat(id_certifikatu, rod_cislo, datum_ziskania, platnost_do) VALUES(2, '3157292072', TO_DATE('2009/08/01 06:11:58', 'yyyy/mm/dd hh24:mi:ss'), TO_DATE('2014/05/09 10:13:37', 'yyyy/mm/dd hh24:mi:ss'));
INSERT INTO vydany_certifikat(id_certifikatu, rod_cislo, datum_ziskania, platnost_do) VALUES(5, '2211123729', TO_DATE('2009/03/21 08:31:32', 'yyyy/mm/dd hh24:mi:ss'), TO_DATE('2017/12/10 09:54:31', 'yyyy/mm/dd hh24:mi:ss'));
INSERT INTO vydany_certifikat(id_certifikatu, rod_cislo, datum_ziskania, platnost_do) VALUES(1, '6909181657', TO_DATE('2005/06/02 22:17:32', 'yyyy/mm/dd hh24:mi:ss'), TO_DATE('2016/01/20 06:08:36', 'yyyy/mm/dd hh24:mi:ss'));
INSERT INTO vydany_certifikat(id_certifikatu, rod_cislo, datum_ziskania, platnost_do) VALUES(3, '0455081607', TO_DATE('2010/09/07 18:16:12', 'yyyy/mm/dd hh24:mi:ss'), TO_DATE('2014/12/12 02:44:21', 'yyyy/mm/dd hh24:mi:ss'));
INSERT INTO vydany_certifikat(id_certifikatu, rod_cislo, datum_ziskania, platnost_do) VALUES(10, '3758031265', TO_DATE('2010/10/27 22:37:43', 'yyyy/mm/dd hh24:mi:ss'), TO_DATE('2017/01/07 20:53:59', 'yyyy/mm/dd hh24:mi:ss'));
INSERT INTO vydany_certifikat(id_certifikatu, rod_cislo, datum_ziskania, platnost_do) VALUES(9, '2003361068', TO_DATE('2006/11/19 18:59:38', 'yyyy/mm/dd hh24:mi:ss'), TO_DATE('2017/05/14 19:55:43', 'yyyy/mm/dd hh24:mi:ss'));
INSERT INTO vydany_certifikat(id_certifikatu, rod_cislo, datum_ziskania, platnost_do) VALUES(2, '4806387151', TO_DATE('2005/02/11 04:43:24', 'yyyy/mm/dd hh24:mi:ss'), TO_DATE('2015/08/24 02:10:40', 'yyyy/mm/dd hh24:mi:ss'));
INSERT INTO vydany_certifikat(id_certifikatu, rod_cislo, datum_ziskania, platnost_do) VALUES(1, '1103107337', TO_DATE('2006/12/27 15:56:44', 'yyyy/mm/dd hh24:mi:ss'), TO_DATE('2016/09/15 12:37:32', 'yyyy/mm/dd hh24:mi:ss'));
INSERT INTO vydany_certifikat(id_certifikatu, rod_cislo, datum_ziskania, platnost_do) VALUES(4, '1159051528', TO_DATE('2012/09/02 09:44:13', 'yyyy/mm/dd hh24:mi:ss'), TO_DATE('2016/10/13 13:50:31', 'yyyy/mm/dd hh24:mi:ss'));
INSERT INTO vydany_certifikat(id_certifikatu, rod_cislo, datum_ziskania, platnost_do) VALUES(3, '0403292843', TO_DATE('2008/07/28 22:01:46', 'yyyy/mm/dd hh24:mi:ss'), TO_DATE('2016/07/16 09:30:49', 'yyyy/mm/dd hh24:mi:ss'));
INSERT INTO vydany_certifikat(id_certifikatu, rod_cislo, datum_ziskania, platnost_do) VALUES(10, '5652245083', TO_DATE('2010/06/13 03:01:05', 'yyyy/mm/dd hh24:mi:ss'), TO_DATE('2017/07/05 12:55:33', 'yyyy/mm/dd hh24:mi:ss'));
INSERT INTO vydany_certifikat(id_certifikatu, rod_cislo, datum_ziskania, platnost_do) VALUES(6, '7257318643', TO_DATE('2010/09/22 08:49:47', 'yyyy/mm/dd hh24:mi:ss'), TO_DATE('2014/02/03 22:01:58', 'yyyy/mm/dd hh24:mi:ss'));
INSERT INTO vydany_certifikat(id_certifikatu, rod_cislo, datum_ziskania, platnost_do) VALUES(6, '0557203222', TO_DATE('2005/12/15 20:49:45', 'yyyy/mm/dd hh24:mi:ss'), TO_DATE('2017/06/23 02:30:34', 'yyyy/mm/dd hh24:mi:ss'));
INSERT INTO vydany_certifikat(id_certifikatu, rod_cislo, datum_ziskania, platnost_do) VALUES(6, '8759379118', TO_DATE('2010/01/16 07:37:05', 'yyyy/mm/dd hh24:mi:ss'), TO_DATE('2017/04/21 11:26:42', 'yyyy/mm/dd hh24:mi:ss'));
INSERT INTO vydany_certifikat(id_certifikatu, rod_cislo, datum_ziskania, platnost_do) VALUES(2, '4307165294', TO_DATE('2006/09/25 07:53:43', 'yyyy/mm/dd hh24:mi:ss'), TO_DATE('2017/09/22 18:54:55', 'yyyy/mm/dd hh24:mi:ss'));
INSERT INTO vydany_certifikat(id_certifikatu, rod_cislo, datum_ziskania, platnost_do) VALUES(4, '4106370720', TO_DATE('2012/08/25 07:51:55', 'yyyy/mm/dd hh24:mi:ss'), TO_DATE('2017/11/17 15:18:15', 'yyyy/mm/dd hh24:mi:ss'));
INSERT INTO vydany_certifikat(id_certifikatu, rod_cislo, datum_ziskania, platnost_do) VALUES(1, '3061314964', TO_DATE('2008/05/20 18:34:09', 'yyyy/mm/dd hh24:mi:ss'), TO_DATE('2017/03/04 19:06:47', 'yyyy/mm/dd hh24:mi:ss'));
INSERT INTO vydany_certifikat(id_certifikatu, rod_cislo, datum_ziskania, platnost_do) VALUES(3, '6204333353', TO_DATE('2012/10/25 16:38:10', 'yyyy/mm/dd hh24:mi:ss'), TO_DATE('2017/10/23 16:10:20', 'yyyy/mm/dd hh24:mi:ss'));
INSERT INTO vydany_certifikat(id_certifikatu, rod_cislo, datum_ziskania, platnost_do) VALUES(8, '1303079827', TO_DATE('2012/11/10 03:55:18', 'yyyy/mm/dd hh24:mi:ss'), TO_DATE('2014/07/19 05:46:48', 'yyyy/mm/dd hh24:mi:ss'));
INSERT INTO vydany_certifikat(id_certifikatu, rod_cislo, datum_ziskania, platnost_do) VALUES(1, '7505162841', TO_DATE('2008/05/19 01:08:34', 'yyyy/mm/dd hh24:mi:ss'), TO_DATE('2015/03/13 16:04:33', 'yyyy/mm/dd hh24:mi:ss'));
INSERT INTO vydany_certifikat(id_certifikatu, rod_cislo, datum_ziskania, platnost_do) VALUES(6, '6706392070', TO_DATE('2009/10/26 23:05:26', 'yyyy/mm/dd hh24:mi:ss'), TO_DATE('2017/04/28 01:59:37', 'yyyy/mm/dd hh24:mi:ss'));
INSERT INTO vydany_certifikat(id_certifikatu, rod_cislo, datum_ziskania, platnost_do) VALUES(6, '9711296985', TO_DATE('2008/12/21 13:53:43', 'yyyy/mm/dd hh24:mi:ss'), TO_DATE('2014/12/26 00:45:33', 'yyyy/mm/dd hh24:mi:ss'));
INSERT INTO vydany_certifikat(id_certifikatu, rod_cislo, datum_ziskania, platnost_do) VALUES(5, '8456176891', TO_DATE('2009/03/18 04:33:33', 'yyyy/mm/dd hh24:mi:ss'), TO_DATE('2015/08/03 03:16:20', 'yyyy/mm/dd hh24:mi:ss'));
INSERT INTO vydany_certifikat(id_certifikatu, rod_cislo, datum_ziskania, platnost_do) VALUES(7, '5462343585', TO_DATE('2009/12/03 01:06:21', 'yyyy/mm/dd hh24:mi:ss'), TO_DATE('2015/05/27 07:07:16', 'yyyy/mm/dd hh24:mi:ss'));
INSERT INTO vydany_certifikat(id_certifikatu, rod_cislo, datum_ziskania, platnost_do) VALUES(1, '0007170510', TO_DATE('2011/12/19 04:10:47', 'yyyy/mm/dd hh24:mi:ss'), TO_DATE('2015/11/09 02:30:37', 'yyyy/mm/dd hh24:mi:ss'));
INSERT INTO vydany_certifikat(id_certifikatu, rod_cislo, datum_ziskania, platnost_do) VALUES(9, '3208046184', TO_DATE('2007/07/01 19:16:54', 'yyyy/mm/dd hh24:mi:ss'), TO_DATE('2015/03/01 10:45:29', 'yyyy/mm/dd hh24:mi:ss'));
INSERT INTO vydany_certifikat(id_certifikatu, rod_cislo, datum_ziskania, platnost_do) VALUES(4, '2902361879', TO_DATE('2012/02/20 12:18:39', 'yyyy/mm/dd hh24:mi:ss'), TO_DATE('2017/11/07 13:10:28', 'yyyy/mm/dd hh24:mi:ss'));
INSERT INTO vydany_certifikat(id_certifikatu, rod_cislo, datum_ziskania, platnost_do) VALUES(7, '5611172901', TO_DATE('2005/12/25 18:42:16', 'yyyy/mm/dd hh24:mi:ss'), TO_DATE('2015/01/23 21:02:00', 'yyyy/mm/dd hh24:mi:ss'));
INSERT INTO vydany_certifikat(id_certifikatu, rod_cislo, datum_ziskania, platnost_do) VALUES(10, '0412077475', TO_DATE('2012/01/11 08:56:11', 'yyyy/mm/dd hh24:mi:ss'), TO_DATE('2017/09/20 06:27:57', 'yyyy/mm/dd hh24:mi:ss'));
INSERT INTO vydany_certifikat(id_certifikatu, rod_cislo, datum_ziskania, platnost_do) VALUES(7, '4959382500', TO_DATE('2010/03/06 03:07:32', 'yyyy/mm/dd hh24:mi:ss'), TO_DATE('2015/02/01 22:38:04', 'yyyy/mm/dd hh24:mi:ss'));
INSERT INTO vydany_certifikat(id_certifikatu, rod_cislo, datum_ziskania, platnost_do) VALUES(7, '1509093313', TO_DATE('2006/06/28 07:53:05', 'yyyy/mm/dd hh24:mi:ss'), TO_DATE('2016/03/08 17:05:37', 'yyyy/mm/dd hh24:mi:ss'));
INSERT INTO vydany_certifikat(id_certifikatu, rod_cislo, datum_ziskania, platnost_do) VALUES(2, '7457121281', TO_DATE('2007/03/28 09:54:24', 'yyyy/mm/dd hh24:mi:ss'), TO_DATE('2016/03/02 00:36:36', 'yyyy/mm/dd hh24:mi:ss'));
INSERT INTO vydany_certifikat(id_certifikatu, rod_cislo, datum_ziskania, platnost_do) VALUES(1, '0105090461', TO_DATE('2005/10/02 12:21:50', 'yyyy/mm/dd hh24:mi:ss'), TO_DATE('2017/02/12 13:49:57', 'yyyy/mm/dd hh24:mi:ss'));
INSERT INTO vydany_certifikat(id_certifikatu, rod_cislo, datum_ziskania, platnost_do) VALUES(6, '4955182279', TO_DATE('2009/03/02 10:56:39', 'yyyy/mm/dd hh24:mi:ss'), TO_DATE('2015/04/16 12:19:12', 'yyyy/mm/dd hh24:mi:ss'));
INSERT INTO vydany_certifikat(id_certifikatu, rod_cislo, datum_ziskania, platnost_do) VALUES(1, '0610160357', TO_DATE('2009/07/26 09:38:41', 'yyyy/mm/dd hh24:mi:ss'), TO_DATE('2014/01/12 00:35:01', 'yyyy/mm/dd hh24:mi:ss'));
INSERT INTO vydany_certifikat(id_certifikatu, rod_cislo, datum_ziskania, platnost_do) VALUES(3, '9453259820', TO_DATE('2006/11/04 23:14:23', 'yyyy/mm/dd hh24:mi:ss'), TO_DATE('2014/02/15 08:02:15', 'yyyy/mm/dd hh24:mi:ss'));
INSERT INTO vydany_certifikat(id_certifikatu, rod_cislo, datum_ziskania, platnost_do) VALUES(3, '0503184381', TO_DATE('2009/09/08 04:16:47', 'yyyy/mm/dd hh24:mi:ss'), TO_DATE('2016/03/22 21:47:52', 'yyyy/mm/dd hh24:mi:ss'));
INSERT INTO vydany_certifikat(id_certifikatu, rod_cislo, datum_ziskania, platnost_do) VALUES(3, '5962391443', TO_DATE('2006/10/11 11:50:16', 'yyyy/mm/dd hh24:mi:ss'), TO_DATE('2014/04/14 18:29:22', 'yyyy/mm/dd hh24:mi:ss'));
INSERT INTO vydany_certifikat(id_certifikatu, rod_cislo, datum_ziskania, platnost_do) VALUES(7, '5459021103', TO_DATE('2007/09/12 05:56:23', 'yyyy/mm/dd hh24:mi:ss'), TO_DATE('2017/03/28 16:45:05', 'yyyy/mm/dd hh24:mi:ss'));
INSERT INTO vydany_certifikat(id_certifikatu, rod_cislo, datum_ziskania, platnost_do) VALUES(7, '7404223202', TO_DATE('2009/02/05 02:18:49', 'yyyy/mm/dd hh24:mi:ss'), TO_DATE('2017/06/19 20:54:26', 'yyyy/mm/dd hh24:mi:ss'));
INSERT INTO vydany_certifikat(id_certifikatu, rod_cislo, datum_ziskania, platnost_do) VALUES(4, '1254085621', TO_DATE('2010/11/10 04:25:39', 'yyyy/mm/dd hh24:mi:ss'), TO_DATE('2014/02/27 23:38:07', 'yyyy/mm/dd hh24:mi:ss'));
INSERT INTO vydany_certifikat(id_certifikatu, rod_cislo, datum_ziskania, platnost_do) VALUES(2, '2259368348', TO_DATE('2011/05/23 10:37:48', 'yyyy/mm/dd hh24:mi:ss'), TO_DATE('2016/12/06 01:33:05', 'yyyy/mm/dd hh24:mi:ss'));
INSERT INTO vydany_certifikat(id_certifikatu, rod_cislo, datum_ziskania, platnost_do) VALUES(1, '7362089745', TO_DATE('2007/10/19 06:22:11', 'yyyy/mm/dd hh24:mi:ss'), TO_DATE('2015/01/15 02:41:35', 'yyyy/mm/dd hh24:mi:ss'));
INSERT INTO vydany_certifikat(id_certifikatu, rod_cislo, datum_ziskania, platnost_do) VALUES(3, '9605271600', TO_DATE('2012/12/25 12:58:17', 'yyyy/mm/dd hh24:mi:ss'), TO_DATE('2014/05/19 21:04:52', 'yyyy/mm/dd hh24:mi:ss'));
INSERT INTO vydany_certifikat(id_certifikatu, rod_cislo, datum_ziskania, platnost_do) VALUES(3, '4010256226', TO_DATE('2006/09/03 08:44:03', 'yyyy/mm/dd hh24:mi:ss'), TO_DATE('2014/10/24 18:59:00', 'yyyy/mm/dd hh24:mi:ss'));
INSERT INTO vydany_certifikat(id_certifikatu, rod_cislo, datum_ziskania, platnost_do) VALUES(5, '4504346790', TO_DATE('2007/02/25 18:38:55', 'yyyy/mm/dd hh24:mi:ss'), TO_DATE('2014/08/25 16:52:32', 'yyyy/mm/dd hh24:mi:ss'));
INSERT INTO vydany_certifikat(id_certifikatu, rod_cislo, datum_ziskania, platnost_do) VALUES(6, '9706166301', TO_DATE('2007/11/01 16:46:48', 'yyyy/mm/dd hh24:mi:ss'), TO_DATE('2016/03/16 12:08:45', 'yyyy/mm/dd hh24:mi:ss'));
INSERT INTO vydany_certifikat(id_certifikatu, rod_cislo, datum_ziskania, platnost_do) VALUES(9, '5207370783', TO_DATE('2012/04/25 09:35:56', 'yyyy/mm/dd hh24:mi:ss'), TO_DATE('2016/04/08 02:48:07', 'yyyy/mm/dd hh24:mi:ss'));
INSERT INTO vydany_certifikat(id_certifikatu, rod_cislo, datum_ziskania, platnost_do) VALUES(10, '2101147733', TO_DATE('2005/03/19 10:40:04', 'yyyy/mm/dd hh24:mi:ss'), TO_DATE('2016/01/15 06:20:35', 'yyyy/mm/dd hh24:mi:ss'));
INSERT INTO vydany_certifikat(id_certifikatu, rod_cislo, datum_ziskania, platnost_do) VALUES(5, '4507349047', TO_DATE('2006/09/05 15:40:43', 'yyyy/mm/dd hh24:mi:ss'), TO_DATE('2014/02/05 14:42:27', 'yyyy/mm/dd hh24:mi:ss'));
INSERT INTO vydany_certifikat(id_certifikatu, rod_cislo, datum_ziskania, platnost_do) VALUES(9, '6854137581', TO_DATE('2005/11/04 07:04:10', 'yyyy/mm/dd hh24:mi:ss'), TO_DATE('2014/09/27 07:36:50', 'yyyy/mm/dd hh24:mi:ss'));
INSERT INTO vydany_certifikat(id_certifikatu, rod_cislo, datum_ziskania, platnost_do) VALUES(2, '6959354230', TO_DATE('2009/10/02 20:43:44', 'yyyy/mm/dd hh24:mi:ss'), TO_DATE('2014/06/05 09:53:40', 'yyyy/mm/dd hh24:mi:ss'));
INSERT INTO vydany_certifikat(id_certifikatu, rod_cislo, datum_ziskania, platnost_do) VALUES(8, '6152176369', TO_DATE('2008/03/17 22:48:42', 'yyyy/mm/dd hh24:mi:ss'), TO_DATE('2017/08/26 09:10:28', 'yyyy/mm/dd hh24:mi:ss'));
INSERT INTO vydany_certifikat(id_certifikatu, rod_cislo, datum_ziskania, platnost_do) VALUES(5, '3803299768', TO_DATE('2008/06/27 20:52:53', 'yyyy/mm/dd hh24:mi:ss'), TO_DATE('2016/05/06 03:33:37', 'yyyy/mm/dd hh24:mi:ss'));
INSERT INTO vydany_certifikat(id_certifikatu, rod_cislo, datum_ziskania, platnost_do) VALUES(5, '3404088549', TO_DATE('2011/05/09 06:23:59', 'yyyy/mm/dd hh24:mi:ss'), TO_DATE('2016/09/16 17:57:23', 'yyyy/mm/dd hh24:mi:ss'));
INSERT INTO vydany_certifikat(id_certifikatu, rod_cislo, datum_ziskania, platnost_do) VALUES(8, '0001013935', TO_DATE('2006/10/12 17:00:21', 'yyyy/mm/dd hh24:mi:ss'), TO_DATE('2017/11/23 03:42:27', 'yyyy/mm/dd hh24:mi:ss'));
INSERT INTO vydany_certifikat(id_certifikatu, rod_cislo, datum_ziskania, platnost_do) VALUES(2, '6905228107', TO_DATE('2008/06/25 09:44:52', 'yyyy/mm/dd hh24:mi:ss'), TO_DATE('2014/07/23 20:28:34', 'yyyy/mm/dd hh24:mi:ss'));
INSERT INTO vydany_certifikat(id_certifikatu, rod_cislo, datum_ziskania, platnost_do) VALUES(2, '8302060119', TO_DATE('2005/12/22 04:04:15', 'yyyy/mm/dd hh24:mi:ss'), TO_DATE('2017/05/24 14:02:22', 'yyyy/mm/dd hh24:mi:ss'));
INSERT INTO vydany_certifikat(id_certifikatu, rod_cislo, datum_ziskania, platnost_do) VALUES(3, '1252081958', TO_DATE('2011/10/13 09:23:33', 'yyyy/mm/dd hh24:mi:ss'), TO_DATE('2017/03/17 18:59:11', 'yyyy/mm/dd hh24:mi:ss'));
INSERT INTO vydany_certifikat(id_certifikatu, rod_cislo, datum_ziskania, platnost_do) VALUES(4, '9602081494', TO_DATE('2006/06/22 04:39:50', 'yyyy/mm/dd hh24:mi:ss'), TO_DATE('2014/06/11 23:32:50', 'yyyy/mm/dd hh24:mi:ss'));
INSERT INTO vydany_certifikat(id_certifikatu, rod_cislo, datum_ziskania, platnost_do) VALUES(2, '5802396865', TO_DATE('2009/02/21 20:16:49', 'yyyy/mm/dd hh24:mi:ss'), TO_DATE('2015/11/17 14:50:36', 'yyyy/mm/dd hh24:mi:ss'));
INSERT INTO vydany_certifikat(id_certifikatu, rod_cislo, datum_ziskania, platnost_do) VALUES(4, '4001228779', TO_DATE('2006/02/18 12:12:29', 'yyyy/mm/dd hh24:mi:ss'), TO_DATE('2015/04/10 15:40:58', 'yyyy/mm/dd hh24:mi:ss'));
INSERT INTO vydany_certifikat(id_certifikatu, rod_cislo, datum_ziskania, platnost_do) VALUES(4, '1409108892', TO_DATE('2010/12/06 02:55:29', 'yyyy/mm/dd hh24:mi:ss'), TO_DATE('2016/10/03 18:10:40', 'yyyy/mm/dd hh24:mi:ss'));
INSERT INTO vydany_certifikat(id_certifikatu, rod_cislo, datum_ziskania, platnost_do) VALUES(3, '0804122339', TO_DATE('2010/11/22 08:22:31', 'yyyy/mm/dd hh24:mi:ss'), TO_DATE('2014/02/03 05:28:25', 'yyyy/mm/dd hh24:mi:ss'));
INSERT INTO vydany_certifikat(id_certifikatu, rod_cislo, datum_ziskania, platnost_do) VALUES(8, '0805374952', TO_DATE('2009/11/23 12:11:32', 'yyyy/mm/dd hh24:mi:ss'), TO_DATE('2016/06/20 06:58:59', 'yyyy/mm/dd hh24:mi:ss'));
INSERT INTO vydany_certifikat(id_certifikatu, rod_cislo, datum_ziskania, platnost_do) VALUES(5, '6158374743', TO_DATE('2012/01/21 22:31:44', 'yyyy/mm/dd hh24:mi:ss'), TO_DATE('2017/06/18 13:01:44', 'yyyy/mm/dd hh24:mi:ss'));
INSERT INTO vydany_certifikat(id_certifikatu, rod_cislo, datum_ziskania, platnost_do) VALUES(6, '8762184615', TO_DATE('2009/10/17 06:03:00', 'yyyy/mm/dd hh24:mi:ss'), TO_DATE('2015/07/28 17:11:48', 'yyyy/mm/dd hh24:mi:ss'));
INSERT INTO vydany_certifikat(id_certifikatu, rod_cislo, datum_ziskania, platnost_do) VALUES(6, '4001228779', TO_DATE('2005/03/26 16:54:04', 'yyyy/mm/dd hh24:mi:ss'), TO_DATE('2014/07/23 12:57:04', 'yyyy/mm/dd hh24:mi:ss'));
INSERT INTO vydany_certifikat(id_certifikatu, rod_cislo, datum_ziskania, platnost_do) VALUES(8, '3104147121', TO_DATE('2006/01/25 13:52:19', 'yyyy/mm/dd hh24:mi:ss'), TO_DATE('2015/08/09 12:17:13', 'yyyy/mm/dd hh24:mi:ss'));
INSERT INTO vydany_certifikat(id_certifikatu, rod_cislo, datum_ziskania, platnost_do) VALUES(6, '4454184953', TO_DATE('2008/11/12 15:17:29', 'yyyy/mm/dd hh24:mi:ss'), TO_DATE('2017/03/19 16:03:55', 'yyyy/mm/dd hh24:mi:ss'));
INSERT INTO vydany_certifikat(id_certifikatu, rod_cislo, datum_ziskania, platnost_do) VALUES(8, '3757323705', TO_DATE('2012/10/25 00:22:49', 'yyyy/mm/dd hh24:mi:ss'), TO_DATE('2017/09/17 05:09:33', 'yyyy/mm/dd hh24:mi:ss'));
INSERT INTO vydany_certifikat(id_certifikatu, rod_cislo, datum_ziskania, platnost_do) VALUES(6, '3503047393', TO_DATE('2010/11/23 08:44:16', 'yyyy/mm/dd hh24:mi:ss'), TO_DATE('2015/05/15 03:23:54', 'yyyy/mm/dd hh24:mi:ss'));
INSERT INTO vydany_certifikat(id_certifikatu, rod_cislo, datum_ziskania, platnost_do) VALUES(1, '0356398461', TO_DATE('2012/12/11 17:15:47', 'yyyy/mm/dd hh24:mi:ss'), TO_DATE('2016/08/21 08:29:01', 'yyyy/mm/dd hh24:mi:ss'));
INSERT INTO vydany_certifikat(id_certifikatu, rod_cislo, datum_ziskania, platnost_do) VALUES(10, '9855106396', TO_DATE('2010/04/18 09:33:41', 'yyyy/mm/dd hh24:mi:ss'), TO_DATE('2016/10/17 16:08:11', 'yyyy/mm/dd hh24:mi:ss'));
INSERT INTO vydany_certifikat(id_certifikatu, rod_cislo, datum_ziskania, platnost_do) VALUES(8, '0712085151', TO_DATE('2006/05/22 12:32:16', 'yyyy/mm/dd hh24:mi:ss'), TO_DATE('2017/03/17 14:24:31', 'yyyy/mm/dd hh24:mi:ss'));
INSERT INTO vydany_certifikat(id_certifikatu, rod_cislo, datum_ziskania, platnost_do) VALUES(1, '3208046184', TO_DATE('2010/10/16 11:47:30', 'yyyy/mm/dd hh24:mi:ss'), TO_DATE('2014/11/23 11:32:27', 'yyyy/mm/dd hh24:mi:ss'));
INSERT INTO vydany_certifikat(id_certifikatu, rod_cislo, datum_ziskania, platnost_do) VALUES(6, '2902072718', TO_DATE('2005/06/15 21:56:00', 'yyyy/mm/dd hh24:mi:ss'), TO_DATE('2016/06/17 01:00:45', 'yyyy/mm/dd hh24:mi:ss'));
INSERT INTO vydany_certifikat(id_certifikatu, rod_cislo, datum_ziskania, platnost_do) VALUES(9, '1157076592', TO_DATE('2006/12/19 08:24:23', 'yyyy/mm/dd hh24:mi:ss'), TO_DATE('2017/03/26 19:00:59', 'yyyy/mm/dd hh24:mi:ss'));
INSERT INTO vydany_certifikat(id_certifikatu, rod_cislo, datum_ziskania, platnost_do) VALUES(4, '6462370402', TO_DATE('2010/08/14 05:36:56', 'yyyy/mm/dd hh24:mi:ss'), TO_DATE('2015/12/15 12:22:17', 'yyyy/mm/dd hh24:mi:ss'));
INSERT INTO vydany_certifikat(id_certifikatu, rod_cislo, datum_ziskania, platnost_do) VALUES(3, '0459294178', TO_DATE('2009/11/20 05:19:26', 'yyyy/mm/dd hh24:mi:ss'), TO_DATE('2016/04/05 02:30:50', 'yyyy/mm/dd hh24:mi:ss'));
INSERT INTO vydany_certifikat(id_certifikatu, rod_cislo, datum_ziskania, platnost_do) VALUES(1, '9601276053', TO_DATE('2008/07/07 12:06:30', 'yyyy/mm/dd hh24:mi:ss'), TO_DATE('2015/09/23 22:51:15', 'yyyy/mm/dd hh24:mi:ss'));
INSERT INTO vydany_certifikat(id_certifikatu, rod_cislo, datum_ziskania, platnost_do) VALUES(3, '9211153271', TO_DATE('2007/02/25 16:43:55', 'yyyy/mm/dd hh24:mi:ss'), TO_DATE('2015/10/04 02:42:04', 'yyyy/mm/dd hh24:mi:ss'));
INSERT INTO vydany_certifikat(id_certifikatu, rod_cislo, datum_ziskania, platnost_do) VALUES(8, '7901358526', TO_DATE('2008/06/06 14:54:40', 'yyyy/mm/dd hh24:mi:ss'), TO_DATE('2014/12/23 15:14:39', 'yyyy/mm/dd hh24:mi:ss'));
INSERT INTO vydany_certifikat(id_certifikatu, rod_cislo, datum_ziskania, platnost_do) VALUES(4, '5860359269', TO_DATE('2012/02/27 18:47:32', 'yyyy/mm/dd hh24:mi:ss'), TO_DATE('2017/04/18 08:58:43', 'yyyy/mm/dd hh24:mi:ss'));
INSERT INTO vydany_certifikat(id_certifikatu, rod_cislo, datum_ziskania, platnost_do) VALUES(3, '8603361688', TO_DATE('2011/07/04 16:29:41', 'yyyy/mm/dd hh24:mi:ss'), TO_DATE('2014/10/14 15:11:58', 'yyyy/mm/dd hh24:mi:ss'));
INSERT INTO vydany_certifikat(id_certifikatu, rod_cislo, datum_ziskania, platnost_do) VALUES(3, '6562156734', TO_DATE('2005/02/10 12:28:17', 'yyyy/mm/dd hh24:mi:ss'), TO_DATE('2016/05/23 12:54:19', 'yyyy/mm/dd hh24:mi:ss'));
INSERT INTO vydany_certifikat(id_certifikatu, rod_cislo, datum_ziskania, platnost_do) VALUES(10, '3210150198', TO_DATE('2010/02/12 19:49:45', 'yyyy/mm/dd hh24:mi:ss'), TO_DATE('2017/08/13 05:03:36', 'yyyy/mm/dd hh24:mi:ss'));
INSERT INTO vydany_certifikat(id_certifikatu, rod_cislo, datum_ziskania, platnost_do) VALUES(7, '4162390840', TO_DATE('2012/10/20 04:11:39', 'yyyy/mm/dd hh24:mi:ss'), TO_DATE('2015/11/07 13:33:20', 'yyyy/mm/dd hh24:mi:ss'));
INSERT INTO vydany_certifikat(id_certifikatu, rod_cislo, datum_ziskania, platnost_do) VALUES(5, '4162390840', TO_DATE('2009/01/24 07:22:59', 'yyyy/mm/dd hh24:mi:ss'), TO_DATE('2016/03/13 04:02:02', 'yyyy/mm/dd hh24:mi:ss'));
INSERT INTO vydany_certifikat(id_certifikatu, rod_cislo, datum_ziskania, platnost_do) VALUES(4, '9961387997', TO_DATE('2009/07/03 00:40:31', 'yyyy/mm/dd hh24:mi:ss'), TO_DATE('2015/09/07 00:31:26', 'yyyy/mm/dd hh24:mi:ss'));
INSERT INTO vydany_certifikat(id_certifikatu, rod_cislo, datum_ziskania, platnost_do) VALUES(10, '8101121390', TO_DATE('2008/04/26 16:13:53', 'yyyy/mm/dd hh24:mi:ss'), TO_DATE('2015/09/27 06:12:04', 'yyyy/mm/dd hh24:mi:ss'));
INSERT INTO vydany_certifikat(id_certifikatu, rod_cislo, datum_ziskania, platnost_do) VALUES(5, '3352165586', TO_DATE('2007/03/07 16:17:42', 'yyyy/mm/dd hh24:mi:ss'), TO_DATE('2017/12/03 00:46:47', 'yyyy/mm/dd hh24:mi:ss'));

--### Generujem Okruh tÈm ###

INSERT INTO okruh_tem(id_skusky, id_temy) VALUES(95, 13);
INSERT INTO okruh_tem(id_skusky, id_temy) VALUES(8, 14);
INSERT INTO okruh_tem(id_skusky, id_temy) VALUES(50, 10);
INSERT INTO okruh_tem(id_skusky, id_temy) VALUES(22, 13);
INSERT INTO okruh_tem(id_skusky, id_temy) VALUES(15, 29);
INSERT INTO okruh_tem(id_skusky, id_temy) VALUES(70, 5);
INSERT INTO okruh_tem(id_skusky, id_temy) VALUES(79, 16);
INSERT INTO okruh_tem(id_skusky, id_temy) VALUES(34, 10);
INSERT INTO okruh_tem(id_skusky, id_temy) VALUES(71, 14);
INSERT INTO okruh_tem(id_skusky, id_temy) VALUES(23, 28);
INSERT INTO okruh_tem(id_skusky, id_temy) VALUES(87, 23);
INSERT INTO okruh_tem(id_skusky, id_temy) VALUES(74, 4);
INSERT INTO okruh_tem(id_skusky, id_temy) VALUES(23, 12);
INSERT INTO okruh_tem(id_skusky, id_temy) VALUES(56, 11);
INSERT INTO okruh_tem(id_skusky, id_temy) VALUES(18, 19);
INSERT INTO okruh_tem(id_skusky, id_temy) VALUES(84, 8);
INSERT INTO okruh_tem(id_skusky, id_temy) VALUES(38, 3);
INSERT INTO okruh_tem(id_skusky, id_temy) VALUES(95, 7);
INSERT INTO okruh_tem(id_skusky, id_temy) VALUES(87, 11);
INSERT INTO okruh_tem(id_skusky, id_temy) VALUES(64, 8);
INSERT INTO okruh_tem(id_skusky, id_temy) VALUES(84, 28);
INSERT INTO okruh_tem(id_skusky, id_temy) VALUES(58, 27);
INSERT INTO okruh_tem(id_skusky, id_temy) VALUES(83, 18);
INSERT INTO okruh_tem(id_skusky, id_temy) VALUES(10, 1);
INSERT INTO okruh_tem(id_skusky, id_temy) VALUES(70, 27);
INSERT INTO okruh_tem(id_skusky, id_temy) VALUES(5, 21);
INSERT INTO okruh_tem(id_skusky, id_temy) VALUES(66, 20);
INSERT INTO okruh_tem(id_skusky, id_temy) VALUES(7, 12);
INSERT INTO okruh_tem(id_skusky, id_temy) VALUES(33, 9);
INSERT INTO okruh_tem(id_skusky, id_temy) VALUES(20, 28);
INSERT INTO okruh_tem(id_skusky, id_temy) VALUES(88, 18);
INSERT INTO okruh_tem(id_skusky, id_temy) VALUES(31, 10);
INSERT INTO okruh_tem(id_skusky, id_temy) VALUES(90, 12);
INSERT INTO okruh_tem(id_skusky, id_temy) VALUES(46, 14);
INSERT INTO okruh_tem(id_skusky, id_temy) VALUES(17, 18);
INSERT INTO okruh_tem(id_skusky, id_temy) VALUES(100, 3);
INSERT INTO okruh_tem(id_skusky, id_temy) VALUES(55, 16);
INSERT INTO okruh_tem(id_skusky, id_temy) VALUES(70, 1);
INSERT INTO okruh_tem(id_skusky, id_temy) VALUES(78, 1);
INSERT INTO okruh_tem(id_skusky, id_temy) VALUES(86, 28);
INSERT INTO okruh_tem(id_skusky, id_temy) VALUES(40, 15);
INSERT INTO okruh_tem(id_skusky, id_temy) VALUES(96, 13);
INSERT INTO okruh_tem(id_skusky, id_temy) VALUES(77, 10);
INSERT INTO okruh_tem(id_skusky, id_temy) VALUES(44, 13);
INSERT INTO okruh_tem(id_skusky, id_temy) VALUES(55, 17);
INSERT INTO okruh_tem(id_skusky, id_temy) VALUES(32, 10);
INSERT INTO okruh_tem(id_skusky, id_temy) VALUES(16, 12);
INSERT INTO okruh_tem(id_skusky, id_temy) VALUES(33, 7);
INSERT INTO okruh_tem(id_skusky, id_temy) VALUES(40, 29);
INSERT INTO okruh_tem(id_skusky, id_temy) VALUES(30, 16);
INSERT INTO okruh_tem(id_skusky, id_temy) VALUES(26, 25);
INSERT INTO okruh_tem(id_skusky, id_temy) VALUES(28, 25);
INSERT INTO okruh_tem(id_skusky, id_temy) VALUES(64, 21);
INSERT INTO okruh_tem(id_skusky, id_temy) VALUES(9, 16);
INSERT INTO okruh_tem(id_skusky, id_temy) VALUES(56, 13);
INSERT INTO okruh_tem(id_skusky, id_temy) VALUES(13, 30);
INSERT INTO okruh_tem(id_skusky, id_temy) VALUES(22, 9);
INSERT INTO okruh_tem(id_skusky, id_temy) VALUES(60, 18);
INSERT INTO okruh_tem(id_skusky, id_temy) VALUES(28, 6);
INSERT INTO okruh_tem(id_skusky, id_temy) VALUES(19, 16);
INSERT INTO okruh_tem(id_skusky, id_temy) VALUES(17, 13);
INSERT INTO okruh_tem(id_skusky, id_temy) VALUES(59, 17);
INSERT INTO okruh_tem(id_skusky, id_temy) VALUES(69, 21);
INSERT INTO okruh_tem(id_skusky, id_temy) VALUES(84, 1);
INSERT INTO okruh_tem(id_skusky, id_temy) VALUES(19, 25);
INSERT INTO okruh_tem(id_skusky, id_temy) VALUES(62, 1);
INSERT INTO okruh_tem(id_skusky, id_temy) VALUES(64, 17);
INSERT INTO okruh_tem(id_skusky, id_temy) VALUES(66, 1);
INSERT INTO okruh_tem(id_skusky, id_temy) VALUES(12, 14);
INSERT INTO okruh_tem(id_skusky, id_temy) VALUES(43, 6);
INSERT INTO okruh_tem(id_skusky, id_temy) VALUES(60, 2);
INSERT INTO okruh_tem(id_skusky, id_temy) VALUES(97, 22);
INSERT INTO okruh_tem(id_skusky, id_temy) VALUES(19, 19);
INSERT INTO okruh_tem(id_skusky, id_temy) VALUES(68, 20);
INSERT INTO okruh_tem(id_skusky, id_temy) VALUES(59, 16);
INSERT INTO okruh_tem(id_skusky, id_temy) VALUES(75, 6);
INSERT INTO okruh_tem(id_skusky, id_temy) VALUES(67, 5);
INSERT INTO okruh_tem(id_skusky, id_temy) VALUES(18, 3);
INSERT INTO okruh_tem(id_skusky, id_temy) VALUES(50, 21);
INSERT INTO okruh_tem(id_skusky, id_temy) VALUES(42, 25);
INSERT INTO okruh_tem(id_skusky, id_temy) VALUES(75, 11);
INSERT INTO okruh_tem(id_skusky, id_temy) VALUES(51, 9);
INSERT INTO okruh_tem(id_skusky, id_temy) VALUES(88, 20);
INSERT INTO okruh_tem(id_skusky, id_temy) VALUES(60, 13);
INSERT INTO okruh_tem(id_skusky, id_temy) VALUES(66, 19);
INSERT INTO okruh_tem(id_skusky, id_temy) VALUES(35, 14);
INSERT INTO okruh_tem(id_skusky, id_temy) VALUES(53, 6);
INSERT INTO okruh_tem(id_skusky, id_temy) VALUES(63, 12);
INSERT INTO okruh_tem(id_skusky, id_temy) VALUES(20, 21);
INSERT INTO okruh_tem(id_skusky, id_temy) VALUES(27, 5);
INSERT INTO okruh_tem(id_skusky, id_temy) VALUES(42, 19);
INSERT INTO okruh_tem(id_skusky, id_temy) VALUES(52, 20);
INSERT INTO okruh_tem(id_skusky, id_temy) VALUES(56, 22);
INSERT INTO okruh_tem(id_skusky, id_temy) VALUES(73, 28);
INSERT INTO okruh_tem(id_skusky, id_temy) VALUES(52, 26);
INSERT INTO okruh_tem(id_skusky, id_temy) VALUES(74, 14);
INSERT INTO okruh_tem(id_skusky, id_temy) VALUES(37, 2);
INSERT INTO okruh_tem(id_skusky, id_temy) VALUES(99, 13);
INSERT INTO okruh_tem(id_skusky, id_temy) VALUES(11, 13);
INSERT INTO okruh_tem(id_skusky, id_temy) VALUES(69, 30);
INSERT INTO okruh_tem(id_skusky, id_temy) VALUES(53, 4);
INSERT INTO okruh_tem(id_skusky, id_temy) VALUES(31, 13);
INSERT INTO okruh_tem(id_skusky, id_temy) VALUES(57, 15);
INSERT INTO okruh_tem(id_skusky, id_temy) VALUES(15, 19);
INSERT INTO okruh_tem(id_skusky, id_temy) VALUES(73, 29);
INSERT INTO okruh_tem(id_skusky, id_temy) VALUES(37, 1);
INSERT INTO okruh_tem(id_skusky, id_temy) VALUES(7, 18);
INSERT INTO okruh_tem(id_skusky, id_temy) VALUES(99, 29);
INSERT INTO okruh_tem(id_skusky, id_temy) VALUES(59, 10);
INSERT INTO okruh_tem(id_skusky, id_temy) VALUES(94, 23);
INSERT INTO okruh_tem(id_skusky, id_temy) VALUES(98, 22);
INSERT INTO okruh_tem(id_skusky, id_temy) VALUES(32, 3);
INSERT INTO okruh_tem(id_skusky, id_temy) VALUES(5, 29);
INSERT INTO okruh_tem(id_skusky, id_temy) VALUES(12, 24);
INSERT INTO okruh_tem(id_skusky, id_temy) VALUES(50, 30);
INSERT INTO okruh_tem(id_skusky, id_temy) VALUES(90, 19);
INSERT INTO okruh_tem(id_skusky, id_temy) VALUES(78, 18);
INSERT INTO okruh_tem(id_skusky, id_temy) VALUES(13, 23);
INSERT INTO okruh_tem(id_skusky, id_temy) VALUES(12, 8);
INSERT INTO okruh_tem(id_skusky, id_temy) VALUES(56, 20);
INSERT INTO okruh_tem(id_skusky, id_temy) VALUES(87, 29);
INSERT INTO okruh_tem(id_skusky, id_temy) VALUES(62, 10);
INSERT INTO okruh_tem(id_skusky, id_temy) VALUES(6, 7);
INSERT INTO okruh_tem(id_skusky, id_temy) VALUES(47, 29);
INSERT INTO okruh_tem(id_skusky, id_temy) VALUES(72, 10);
INSERT INTO okruh_tem(id_skusky, id_temy) VALUES(67, 20);
INSERT INTO okruh_tem(id_skusky, id_temy) VALUES(47, 28);
INSERT INTO okruh_tem(id_skusky, id_temy) VALUES(94, 17);
INSERT INTO okruh_tem(id_skusky, id_temy) VALUES(8, 16);
INSERT INTO okruh_tem(id_skusky, id_temy) VALUES(65, 18);
INSERT INTO okruh_tem(id_skusky, id_temy) VALUES(26, 19);
INSERT INTO okruh_tem(id_skusky, id_temy) VALUES(20, 16);
INSERT INTO okruh_tem(id_skusky, id_temy) VALUES(65, 23);
INSERT INTO okruh_tem(id_skusky, id_temy) VALUES(35, 10);
INSERT INTO okruh_tem(id_skusky, id_temy) VALUES(63, 7);
INSERT INTO okruh_tem(id_skusky, id_temy) VALUES(24, 6);
INSERT INTO okruh_tem(id_skusky, id_temy) VALUES(53, 9);
INSERT INTO okruh_tem(id_skusky, id_temy) VALUES(7, 25);
INSERT INTO okruh_tem(id_skusky, id_temy) VALUES(80, 18);
INSERT INTO okruh_tem(id_skusky, id_temy) VALUES(52, 2);
INSERT INTO okruh_tem(id_skusky, id_temy) VALUES(12, 16);
INSERT INTO okruh_tem(id_skusky, id_temy) VALUES(90, 18);
INSERT INTO okruh_tem(id_skusky, id_temy) VALUES(65, 16);
INSERT INTO okruh_tem(id_skusky, id_temy) VALUES(65, 17);
INSERT INTO okruh_tem(id_skusky, id_temy) VALUES(77, 13);
INSERT INTO okruh_tem(id_skusky, id_temy) VALUES(79, 11);
INSERT INTO okruh_tem(id_skusky, id_temy) VALUES(10, 20);
INSERT INTO okruh_tem(id_skusky, id_temy) VALUES(93, 28);
INSERT INTO okruh_tem(id_skusky, id_temy) VALUES(28, 27);
INSERT INTO okruh_tem(id_skusky, id_temy) VALUES(57, 27);
INSERT INTO okruh_tem(id_skusky, id_temy) VALUES(72, 3);
INSERT INTO okruh_tem(id_skusky, id_temy) VALUES(68, 23);
INSERT INTO okruh_tem(id_skusky, id_temy) VALUES(88, 9);
INSERT INTO okruh_tem(id_skusky, id_temy) VALUES(12, 1);
INSERT INTO okruh_tem(id_skusky, id_temy) VALUES(28, 3);
INSERT INTO okruh_tem(id_skusky, id_temy) VALUES(3, 16);
INSERT INTO okruh_tem(id_skusky, id_temy) VALUES(82, 5);
INSERT INTO okruh_tem(id_skusky, id_temy) VALUES(59, 9);
INSERT INTO okruh_tem(id_skusky, id_temy) VALUES(98, 9);
INSERT INTO okruh_tem(id_skusky, id_temy) VALUES(59, 23);
INSERT INTO okruh_tem(id_skusky, id_temy) VALUES(36, 22);
INSERT INTO okruh_tem(id_skusky, id_temy) VALUES(44, 1);
INSERT INTO okruh_tem(id_skusky, id_temy) VALUES(30, 24);
INSERT INTO okruh_tem(id_skusky, id_temy) VALUES(6, 10);
INSERT INTO okruh_tem(id_skusky, id_temy) VALUES(79, 5);
INSERT INTO okruh_tem(id_skusky, id_temy) VALUES(70, 26);
INSERT INTO okruh_tem(id_skusky, id_temy) VALUES(26, 28);
INSERT INTO okruh_tem(id_skusky, id_temy) VALUES(48, 14);
INSERT INTO okruh_tem(id_skusky, id_temy) VALUES(89, 23);
INSERT INTO okruh_tem(id_skusky, id_temy) VALUES(70, 20);
INSERT INTO okruh_tem(id_skusky, id_temy) VALUES(37, 30);
INSERT INTO okruh_tem(id_skusky, id_temy) VALUES(15, 14);
INSERT INTO okruh_tem(id_skusky, id_temy) VALUES(7, 13);
INSERT INTO okruh_tem(id_skusky, id_temy) VALUES(78, 9);
INSERT INTO okruh_tem(id_skusky, id_temy) VALUES(45, 9);
INSERT INTO okruh_tem(id_skusky, id_temy) VALUES(27, 19);
INSERT INTO okruh_tem(id_skusky, id_temy) VALUES(55, 3);
INSERT INTO okruh_tem(id_skusky, id_temy) VALUES(88, 4);
INSERT INTO okruh_tem(id_skusky, id_temy) VALUES(82, 24);
INSERT INTO okruh_tem(id_skusky, id_temy) VALUES(58, 29);
INSERT INTO okruh_tem(id_skusky, id_temy) VALUES(39, 3);
INSERT INTO okruh_tem(id_skusky, id_temy) VALUES(3, 1);
INSERT INTO okruh_tem(id_skusky, id_temy) VALUES(73, 22);
INSERT INTO okruh_tem(id_skusky, id_temy) VALUES(28, 18);
INSERT INTO okruh_tem(id_skusky, id_temy) VALUES(88, 23);
INSERT INTO okruh_tem(id_skusky, id_temy) VALUES(72, 9);
INSERT INTO okruh_tem(id_skusky, id_temy) VALUES(85, 1);
INSERT INTO okruh_tem(id_skusky, id_temy) VALUES(84, 14);
INSERT INTO okruh_tem(id_skusky, id_temy) VALUES(67, 7);
INSERT INTO okruh_tem(id_skusky, id_temy) VALUES(79, 28);
INSERT INTO okruh_tem(id_skusky, id_temy) VALUES(28, 1);
INSERT INTO okruh_tem(id_skusky, id_temy) VALUES(53, 25);
INSERT INTO okruh_tem(id_skusky, id_temy) VALUES(2, 12);
INSERT INTO okruh_tem(id_skusky, id_temy) VALUES(39, 19);
INSERT INTO okruh_tem(id_skusky, id_temy) VALUES(74, 12);
INSERT INTO okruh_tem(id_skusky, id_temy) VALUES(17, 14);
INSERT INTO okruh_tem(id_skusky, id_temy) VALUES(39, 1);
INSERT INTO okruh_tem(id_skusky, id_temy) VALUES(92, 4);
INSERT INTO okruh_tem(id_skusky, id_temy) VALUES(73, 12);
INSERT INTO okruh_tem(id_skusky, id_temy) VALUES(97, 16);
INSERT INTO okruh_tem(id_skusky, id_temy) VALUES(16, 9);
INSERT INTO okruh_tem(id_skusky, id_temy) VALUES(32, 24);
INSERT INTO okruh_tem(id_skusky, id_temy) VALUES(63, 16);
INSERT INTO okruh_tem(id_skusky, id_temy) VALUES(86, 17);
INSERT INTO okruh_tem(id_skusky, id_temy) VALUES(81, 27);
INSERT INTO okruh_tem(id_skusky, id_temy) VALUES(42, 22);
INSERT INTO okruh_tem(id_skusky, id_temy) VALUES(77, 17);
INSERT INTO okruh_tem(id_skusky, id_temy) VALUES(24, 24);
INSERT INTO okruh_tem(id_skusky, id_temy) VALUES(59, 13);
INSERT INTO okruh_tem(id_skusky, id_temy) VALUES(8, 5);
INSERT INTO okruh_tem(id_skusky, id_temy) VALUES(80, 12);
INSERT INTO okruh_tem(id_skusky, id_temy) VALUES(81, 22);
INSERT INTO okruh_tem(id_skusky, id_temy) VALUES(74, 22);
INSERT INTO okruh_tem(id_skusky, id_temy) VALUES(6, 17);
INSERT INTO okruh_tem(id_skusky, id_temy) VALUES(13, 7);
INSERT INTO okruh_tem(id_skusky, id_temy) VALUES(8, 21);
INSERT INTO okruh_tem(id_skusky, id_temy) VALUES(74, 27);
INSERT INTO okruh_tem(id_skusky, id_temy) VALUES(26, 30);
INSERT INTO okruh_tem(id_skusky, id_temy) VALUES(1, 1);
INSERT INTO okruh_tem(id_skusky, id_temy) VALUES(77, 16);
INSERT INTO okruh_tem(id_skusky, id_temy) VALUES(83, 24);
INSERT INTO okruh_tem(id_skusky, id_temy) VALUES(72, 7);
INSERT INTO okruh_tem(id_skusky, id_temy) VALUES(50, 3);
INSERT INTO okruh_tem(id_skusky, id_temy) VALUES(64, 27);
INSERT INTO okruh_tem(id_skusky, id_temy) VALUES(79, 10);
INSERT INTO okruh_tem(id_skusky, id_temy) VALUES(61, 23);
INSERT INTO okruh_tem(id_skusky, id_temy) VALUES(77, 26);
INSERT INTO okruh_tem(id_skusky, id_temy) VALUES(77, 23);
INSERT INTO okruh_tem(id_skusky, id_temy) VALUES(23, 25);
INSERT INTO okruh_tem(id_skusky, id_temy) VALUES(27, 21);
INSERT INTO okruh_tem(id_skusky, id_temy) VALUES(92, 26);
INSERT INTO okruh_tem(id_skusky, id_temy) VALUES(29, 7);
INSERT INTO okruh_tem(id_skusky, id_temy) VALUES(40, 17);
INSERT INTO okruh_tem(id_skusky, id_temy) VALUES(23, 26);
INSERT INTO okruh_tem(id_skusky, id_temy) VALUES(84, 25);
INSERT INTO okruh_tem(id_skusky, id_temy) VALUES(31, 21);
INSERT INTO okruh_tem(id_skusky, id_temy) VALUES(91, 22);
INSERT INTO okruh_tem(id_skusky, id_temy) VALUES(32, 23);
INSERT INTO okruh_tem(id_skusky, id_temy) VALUES(27, 25);
INSERT INTO okruh_tem(id_skusky, id_temy) VALUES(66, 17);
INSERT INTO okruh_tem(id_skusky, id_temy) VALUES(47, 5);
INSERT INTO okruh_tem(id_skusky, id_temy) VALUES(66, 15);
INSERT INTO okruh_tem(id_skusky, id_temy) VALUES(14, 16);
INSERT INTO okruh_tem(id_skusky, id_temy) VALUES(77, 14);
INSERT INTO okruh_tem(id_skusky, id_temy) VALUES(37, 10);
INSERT INTO okruh_tem(id_skusky, id_temy) VALUES(91, 6);
INSERT INTO okruh_tem(id_skusky, id_temy) VALUES(36, 2);
INSERT INTO okruh_tem(id_skusky, id_temy) VALUES(57, 13);
INSERT INTO okruh_tem(id_skusky, id_temy) VALUES(10, 29);
INSERT INTO okruh_tem(id_skusky, id_temy) VALUES(87, 15);
INSERT INTO okruh_tem(id_skusky, id_temy) VALUES(62, 25);
INSERT INTO okruh_tem(id_skusky, id_temy) VALUES(36, 9);
INSERT INTO okruh_tem(id_skusky, id_temy) VALUES(33, 12);
INSERT INTO okruh_tem(id_skusky, id_temy) VALUES(37, 4);
INSERT INTO okruh_tem(id_skusky, id_temy) VALUES(4, 25);
INSERT INTO okruh_tem(id_skusky, id_temy) VALUES(87, 30);
INSERT INTO okruh_tem(id_skusky, id_temy) VALUES(49, 9);
INSERT INTO okruh_tem(id_skusky, id_temy) VALUES(50, 1);
INSERT INTO okruh_tem(id_skusky, id_temy) VALUES(62, 19);
INSERT INTO okruh_tem(id_skusky, id_temy) VALUES(2, 5);
INSERT INTO okruh_tem(id_skusky, id_temy) VALUES(87, 1);
INSERT INTO okruh_tem(id_skusky, id_temy) VALUES(22, 26);
INSERT INTO okruh_tem(id_skusky, id_temy) VALUES(50, 29);
INSERT INTO okruh_tem(id_skusky, id_temy) VALUES(100, 5);
INSERT INTO okruh_tem(id_skusky, id_temy) VALUES(46, 25);
INSERT INTO okruh_tem(id_skusky, id_temy) VALUES(84, 30);
INSERT INTO okruh_tem(id_skusky, id_temy) VALUES(44, 28);
INSERT INTO okruh_tem(id_skusky, id_temy) VALUES(41, 23);
INSERT INTO okruh_tem(id_skusky, id_temy) VALUES(77, 6);
INSERT INTO okruh_tem(id_skusky, id_temy) VALUES(94, 18);
INSERT INTO okruh_tem(id_skusky, id_temy) VALUES(44, 22);
INSERT INTO okruh_tem(id_skusky, id_temy) VALUES(42, 10);
INSERT INTO okruh_tem(id_skusky, id_temy) VALUES(30, 15);
INSERT INTO okruh_tem(id_skusky, id_temy) VALUES(19, 23);
INSERT INTO okruh_tem(id_skusky, id_temy) VALUES(36, 8);
INSERT INTO okruh_tem(id_skusky, id_temy) VALUES(51, 25);
INSERT INTO okruh_tem(id_skusky, id_temy) VALUES(73, 15);
INSERT INTO okruh_tem(id_skusky, id_temy) VALUES(74, 29);
INSERT INTO okruh_tem(id_skusky, id_temy) VALUES(49, 24);
INSERT INTO okruh_tem(id_skusky, id_temy) VALUES(49, 29);
INSERT INTO okruh_tem(id_skusky, id_temy) VALUES(11, 8);
INSERT INTO okruh_tem(id_skusky, id_temy) VALUES(73, 20);
INSERT INTO okruh_tem(id_skusky, id_temy) VALUES(57, 17);
INSERT INTO okruh_tem(id_skusky, id_temy) VALUES(97, 19);
INSERT INTO okruh_tem(id_skusky, id_temy) VALUES(97, 13);
INSERT INTO okruh_tem(id_skusky, id_temy) VALUES(40, 11);
INSERT INTO okruh_tem(id_skusky, id_temy) VALUES(33, 30);
INSERT INTO okruh_tem(id_skusky, id_temy) VALUES(44, 29);
INSERT INTO okruh_tem(id_skusky, id_temy) VALUES(33, 21);
INSERT INTO okruh_tem(id_skusky, id_temy) VALUES(21, 13);
INSERT INTO okruh_tem(id_skusky, id_temy) VALUES(15, 17);
INSERT INTO okruh_tem(id_skusky, id_temy) VALUES(12, 2);
INSERT INTO okruh_tem(id_skusky, id_temy) VALUES(65, 25);
INSERT INTO okruh_tem(id_skusky, id_temy) VALUES(80, 16);
INSERT INTO okruh_tem(id_skusky, id_temy) VALUES(67, 19);
INSERT INTO okruh_tem(id_skusky, id_temy) VALUES(58, 4);
INSERT INTO okruh_tem(id_skusky, id_temy) VALUES(100, 6);
INSERT INTO okruh_tem(id_skusky, id_temy) VALUES(77, 20);
INSERT INTO okruh_tem(id_skusky, id_temy) VALUES(79, 22);
INSERT INTO okruh_tem(id_skusky, id_temy) VALUES(20, 19);

--### Generujem Predchadzaj˙ce sk˙öky ###

INSERT INTO predchadzajuce_skusky(id_skusky, id_predchadzajucej) VALUES(71, 88);
INSERT INTO predchadzajuce_skusky(id_skusky, id_predchadzajucej) VALUES(25, 48);
INSERT INTO predchadzajuce_skusky(id_skusky, id_predchadzajucej) VALUES(100, 55);
INSERT INTO predchadzajuce_skusky(id_skusky, id_predchadzajucej) VALUES(80, 12);
INSERT INTO predchadzajuce_skusky(id_skusky, id_predchadzajucej) VALUES(57, 74);
INSERT INTO predchadzajuce_skusky(id_skusky, id_predchadzajucej) VALUES(5, 78);
INSERT INTO predchadzajuce_skusky(id_skusky, id_predchadzajucej) VALUES(13, 32);
INSERT INTO predchadzajuce_skusky(id_skusky, id_predchadzajucej) VALUES(75, 41);
INSERT INTO predchadzajuce_skusky(id_skusky, id_predchadzajucej) VALUES(74, 77);
INSERT INTO predchadzajuce_skusky(id_skusky, id_predchadzajucej) VALUES(80, 51);
INSERT INTO predchadzajuce_skusky(id_skusky, id_predchadzajucej) VALUES(43, 72);
INSERT INTO predchadzajuce_skusky(id_skusky, id_predchadzajucej) VALUES(38, 44);
INSERT INTO predchadzajuce_skusky(id_skusky, id_predchadzajucej) VALUES(91, 84);
INSERT INTO predchadzajuce_skusky(id_skusky, id_predchadzajucej) VALUES(44, 98);
INSERT INTO predchadzajuce_skusky(id_skusky, id_predchadzajucej) VALUES(7, 10);
INSERT INTO predchadzajuce_skusky(id_skusky, id_predchadzajucej) VALUES(3, 95);
INSERT INTO predchadzajuce_skusky(id_skusky, id_predchadzajucej) VALUES(56, 41);
INSERT INTO predchadzajuce_skusky(id_skusky, id_predchadzajucej) VALUES(17, 8);
INSERT INTO predchadzajuce_skusky(id_skusky, id_predchadzajucej) VALUES(9, 51);
INSERT INTO predchadzajuce_skusky(id_skusky, id_predchadzajucej) VALUES(56, 17);
INSERT INTO predchadzajuce_skusky(id_skusky, id_predchadzajucej) VALUES(72, 76);
INSERT INTO predchadzajuce_skusky(id_skusky, id_predchadzajucej) VALUES(29, 85);
INSERT INTO predchadzajuce_skusky(id_skusky, id_predchadzajucej) VALUES(48, 50);
INSERT INTO predchadzajuce_skusky(id_skusky, id_predchadzajucej) VALUES(39, 84);
INSERT INTO predchadzajuce_skusky(id_skusky, id_predchadzajucej) VALUES(12, 40);
INSERT INTO predchadzajuce_skusky(id_skusky, id_predchadzajucej) VALUES(6, 64);
INSERT INTO predchadzajuce_skusky(id_skusky, id_predchadzajucej) VALUES(83, 23);
INSERT INTO predchadzajuce_skusky(id_skusky, id_predchadzajucej) VALUES(12, 21);
INSERT INTO predchadzajuce_skusky(id_skusky, id_predchadzajucej) VALUES(64, 34);
INSERT INTO predchadzajuce_skusky(id_skusky, id_predchadzajucej) VALUES(14, 29);
INSERT INTO predchadzajuce_skusky(id_skusky, id_predchadzajucej) VALUES(54, 57);
INSERT INTO predchadzajuce_skusky(id_skusky, id_predchadzajucej) VALUES(30, 37);
INSERT INTO predchadzajuce_skusky(id_skusky, id_predchadzajucej) VALUES(47, 34);
INSERT INTO predchadzajuce_skusky(id_skusky, id_predchadzajucej) VALUES(18, 14);
INSERT INTO predchadzajuce_skusky(id_skusky, id_predchadzajucej) VALUES(86, 69);
INSERT INTO predchadzajuce_skusky(id_skusky, id_predchadzajucej) VALUES(13, 88);
INSERT INTO predchadzajuce_skusky(id_skusky, id_predchadzajucej) VALUES(3, 99);
INSERT INTO predchadzajuce_skusky(id_skusky, id_predchadzajucej) VALUES(10, 97);
INSERT INTO predchadzajuce_skusky(id_skusky, id_predchadzajucej) VALUES(96, 26);
INSERT INTO predchadzajuce_skusky(id_skusky, id_predchadzajucej) VALUES(9, 37);
INSERT INTO predchadzajuce_skusky(id_skusky, id_predchadzajucej) VALUES(91, 44);
INSERT INTO predchadzajuce_skusky(id_skusky, id_predchadzajucej) VALUES(26, 93);
INSERT INTO predchadzajuce_skusky(id_skusky, id_predchadzajucej) VALUES(73, 89);
INSERT INTO predchadzajuce_skusky(id_skusky, id_predchadzajucej) VALUES(73, 23);
INSERT INTO predchadzajuce_skusky(id_skusky, id_predchadzajucej) VALUES(26, 6);
INSERT INTO predchadzajuce_skusky(id_skusky, id_predchadzajucej) VALUES(99, 62);
INSERT INTO predchadzajuce_skusky(id_skusky, id_predchadzajucej) VALUES(95, 36);
INSERT INTO predchadzajuce_skusky(id_skusky, id_predchadzajucej) VALUES(28, 71);
INSERT INTO predchadzajuce_skusky(id_skusky, id_predchadzajucej) VALUES(46, 6);
INSERT INTO predchadzajuce_skusky(id_skusky, id_predchadzajucej) VALUES(22, 20);
INSERT INTO predchadzajuce_skusky(id_skusky, id_predchadzajucej) VALUES(22, 5);
INSERT INTO predchadzajuce_skusky(id_skusky, id_predchadzajucej) VALUES(11, 25);
INSERT INTO predchadzajuce_skusky(id_skusky, id_predchadzajucej) VALUES(1, 42);
INSERT INTO predchadzajuce_skusky(id_skusky, id_predchadzajucej) VALUES(8, 21);
INSERT INTO predchadzajuce_skusky(id_skusky, id_predchadzajucej) VALUES(19, 85);
INSERT INTO predchadzajuce_skusky(id_skusky, id_predchadzajucej) VALUES(4, 54);
INSERT INTO predchadzajuce_skusky(id_skusky, id_predchadzajucej) VALUES(6, 45);
INSERT INTO predchadzajuce_skusky(id_skusky, id_predchadzajucej) VALUES(4, 49);
INSERT INTO predchadzajuce_skusky(id_skusky, id_predchadzajucej) VALUES(100, 7);
INSERT INTO predchadzajuce_skusky(id_skusky, id_predchadzajucej) VALUES(64, 36);
INSERT INTO predchadzajuce_skusky(id_skusky, id_predchadzajucej) VALUES(34, 81);
INSERT INTO predchadzajuce_skusky(id_skusky, id_predchadzajucej) VALUES(8, 66);
INSERT INTO predchadzajuce_skusky(id_skusky, id_predchadzajucej) VALUES(26, 12);
INSERT INTO predchadzajuce_skusky(id_skusky, id_predchadzajucej) VALUES(22, 83);
INSERT INTO predchadzajuce_skusky(id_skusky, id_predchadzajucej) VALUES(15, 97);
INSERT INTO predchadzajuce_skusky(id_skusky, id_predchadzajucej) VALUES(23, 25);
INSERT INTO predchadzajuce_skusky(id_skusky, id_predchadzajucej) VALUES(69, 74);
INSERT INTO predchadzajuce_skusky(id_skusky, id_predchadzajucej) VALUES(73, 99);
INSERT INTO predchadzajuce_skusky(id_skusky, id_predchadzajucej) VALUES(48, 25);
INSERT INTO predchadzajuce_skusky(id_skusky, id_predchadzajucej) VALUES(75, 81);
INSERT INTO predchadzajuce_skusky(id_skusky, id_predchadzajucej) VALUES(29, 97);
INSERT INTO predchadzajuce_skusky(id_skusky, id_predchadzajucej) VALUES(38, 47);
INSERT INTO predchadzajuce_skusky(id_skusky, id_predchadzajucej) VALUES(8, 57);
INSERT INTO predchadzajuce_skusky(id_skusky, id_predchadzajucej) VALUES(69, 88);
INSERT INTO predchadzajuce_skusky(id_skusky, id_predchadzajucej) VALUES(78, 45);
INSERT INTO predchadzajuce_skusky(id_skusky, id_predchadzajucej) VALUES(24, 9);
INSERT INTO predchadzajuce_skusky(id_skusky, id_predchadzajucej) VALUES(7, 40);
INSERT INTO predchadzajuce_skusky(id_skusky, id_predchadzajucej) VALUES(19, 32);
INSERT INTO predchadzajuce_skusky(id_skusky, id_predchadzajucej) VALUES(99, 15);
INSERT INTO predchadzajuce_skusky(id_skusky, id_predchadzajucej) VALUES(35, 20);
INSERT INTO predchadzajuce_skusky(id_skusky, id_predchadzajucej) VALUES(23, 70);
INSERT INTO predchadzajuce_skusky(id_skusky, id_predchadzajucej) VALUES(28, 33);
INSERT INTO predchadzajuce_skusky(id_skusky, id_predchadzajucej) VALUES(2, 32);
INSERT INTO predchadzajuce_skusky(id_skusky, id_predchadzajucej) VALUES(55, 26);
INSERT INTO predchadzajuce_skusky(id_skusky, id_predchadzajucej) VALUES(31, 43);
INSERT INTO predchadzajuce_skusky(id_skusky, id_predchadzajucej) VALUES(59, 75);
INSERT INTO predchadzajuce_skusky(id_skusky, id_predchadzajucej) VALUES(63, 94);
INSERT INTO predchadzajuce_skusky(id_skusky, id_predchadzajucej) VALUES(90, 99);
INSERT INTO predchadzajuce_skusky(id_skusky, id_predchadzajucej) VALUES(15, 81);
INSERT INTO predchadzajuce_skusky(id_skusky, id_predchadzajucej) VALUES(10, 50);
INSERT INTO predchadzajuce_skusky(id_skusky, id_predchadzajucej) VALUES(48, 40);
INSERT INTO predchadzajuce_skusky(id_skusky, id_predchadzajucej) VALUES(89, 93);
INSERT INTO predchadzajuce_skusky(id_skusky, id_predchadzajucej) VALUES(43, 66);
INSERT INTO predchadzajuce_skusky(id_skusky, id_predchadzajucej) VALUES(47, 40);
INSERT INTO predchadzajuce_skusky(id_skusky, id_predchadzajucej) VALUES(34, 21);
INSERT INTO predchadzajuce_skusky(id_skusky, id_predchadzajucej) VALUES(48, 98);
INSERT INTO predchadzajuce_skusky(id_skusky, id_predchadzajucej) VALUES(98, 65);
INSERT INTO predchadzajuce_skusky(id_skusky, id_predchadzajucej) VALUES(11, 98);
INSERT INTO predchadzajuce_skusky(id_skusky, id_predchadzajucej) VALUES(32, 11);
INSERT INTO predchadzajuce_skusky(id_skusky, id_predchadzajucej) VALUES(57, 55);
INSERT INTO predchadzajuce_skusky(id_skusky, id_predchadzajucej) VALUES(71, 50);
INSERT INTO predchadzajuce_skusky(id_skusky, id_predchadzajucej) VALUES(95, 52);
INSERT INTO predchadzajuce_skusky(id_skusky, id_predchadzajucej) VALUES(96, 19);
INSERT INTO predchadzajuce_skusky(id_skusky, id_predchadzajucej) VALUES(18, 34);
INSERT INTO predchadzajuce_skusky(id_skusky, id_predchadzajucej) VALUES(58, 98);
INSERT INTO predchadzajuce_skusky(id_skusky, id_predchadzajucej) VALUES(97, 7);
INSERT INTO predchadzajuce_skusky(id_skusky, id_predchadzajucej) VALUES(93, 5);
INSERT INTO predchadzajuce_skusky(id_skusky, id_predchadzajucej) VALUES(78, 99);
INSERT INTO predchadzajuce_skusky(id_skusky, id_predchadzajucej) VALUES(73, 32);
INSERT INTO predchadzajuce_skusky(id_skusky, id_predchadzajucej) VALUES(84, 38);
INSERT INTO predchadzajuce_skusky(id_skusky, id_predchadzajucej) VALUES(51, 78);
INSERT INTO predchadzajuce_skusky(id_skusky, id_predchadzajucej) VALUES(65, 74);
INSERT INTO predchadzajuce_skusky(id_skusky, id_predchadzajucej) VALUES(91, 75);
INSERT INTO predchadzajuce_skusky(id_skusky, id_predchadzajucej) VALUES(82, 39);
INSERT INTO predchadzajuce_skusky(id_skusky, id_predchadzajucej) VALUES(42, 67);
INSERT INTO predchadzajuce_skusky(id_skusky, id_predchadzajucej) VALUES(11, 72);
INSERT INTO predchadzajuce_skusky(id_skusky, id_predchadzajucej) VALUES(76, 100);
INSERT INTO predchadzajuce_skusky(id_skusky, id_predchadzajucej) VALUES(53, 68);
INSERT INTO predchadzajuce_skusky(id_skusky, id_predchadzajucej) VALUES(43, 52);
INSERT INTO predchadzajuce_skusky(id_skusky, id_predchadzajucej) VALUES(96, 51);
INSERT INTO predchadzajuce_skusky(id_skusky, id_predchadzajucej) VALUES(74, 31);
INSERT INTO predchadzajuce_skusky(id_skusky, id_predchadzajucej) VALUES(59, 76);
INSERT INTO predchadzajuce_skusky(id_skusky, id_predchadzajucej) VALUES(76, 28);
INSERT INTO predchadzajuce_skusky(id_skusky, id_predchadzajucej) VALUES(79, 41);
INSERT INTO predchadzajuce_skusky(id_skusky, id_predchadzajucej) VALUES(61, 26);
INSERT INTO predchadzajuce_skusky(id_skusky, id_predchadzajucej) VALUES(31, 85);
INSERT INTO predchadzajuce_skusky(id_skusky, id_predchadzajucej) VALUES(76, 93);
INSERT INTO predchadzajuce_skusky(id_skusky, id_predchadzajucej) VALUES(29, 37);
INSERT INTO predchadzajuce_skusky(id_skusky, id_predchadzajucej) VALUES(7, 11);
INSERT INTO predchadzajuce_skusky(id_skusky, id_predchadzajucej) VALUES(55, 49);
INSERT INTO predchadzajuce_skusky(id_skusky, id_predchadzajucej) VALUES(24, 23);
INSERT INTO predchadzajuce_skusky(id_skusky, id_predchadzajucej) VALUES(18, 26);
INSERT INTO predchadzajuce_skusky(id_skusky, id_predchadzajucej) VALUES(61, 40);
INSERT INTO predchadzajuce_skusky(id_skusky, id_predchadzajucej) VALUES(92, 15);
INSERT INTO predchadzajuce_skusky(id_skusky, id_predchadzajucej) VALUES(34, 63);
INSERT INTO predchadzajuce_skusky(id_skusky, id_predchadzajucej) VALUES(69, 45);
INSERT INTO predchadzajuce_skusky(id_skusky, id_predchadzajucej) VALUES(83, 35);
INSERT INTO predchadzajuce_skusky(id_skusky, id_predchadzajucej) VALUES(23, 57);
INSERT INTO predchadzajuce_skusky(id_skusky, id_predchadzajucej) VALUES(9, 13);
INSERT INTO predchadzajuce_skusky(id_skusky, id_predchadzajucej) VALUES(82, 84);
INSERT INTO predchadzajuce_skusky(id_skusky, id_predchadzajucej) VALUES(16, 21);
INSERT INTO predchadzajuce_skusky(id_skusky, id_predchadzajucej) VALUES(94, 61);
INSERT INTO predchadzajuce_skusky(id_skusky, id_predchadzajucej) VALUES(79, 52);
INSERT INTO predchadzajuce_skusky(id_skusky, id_predchadzajucej) VALUES(74, 7);
INSERT INTO predchadzajuce_skusky(id_skusky, id_predchadzajucej) VALUES(59, 44);
INSERT INTO predchadzajuce_skusky(id_skusky, id_predchadzajucej) VALUES(63, 1);
INSERT INTO predchadzajuce_skusky(id_skusky, id_predchadzajucej) VALUES(5, 6);
INSERT INTO predchadzajuce_skusky(id_skusky, id_predchadzajucej) VALUES(63, 81);
INSERT INTO predchadzajuce_skusky(id_skusky, id_predchadzajucej) VALUES(66, 99);
INSERT INTO predchadzajuce_skusky(id_skusky, id_predchadzajucej) VALUES(92, 33);

--### Generujem AlternatÌvy sk˙öky ###

INSERT INTO alternativy_skusky(id_certifikatu, id_skusky) VALUES(4, 99);
INSERT INTO alternativy_skusky(id_certifikatu, id_skusky) VALUES(3, 77);
INSERT INTO alternativy_skusky(id_certifikatu, id_skusky) VALUES(4, 63);
INSERT INTO alternativy_skusky(id_certifikatu, id_skusky) VALUES(1, 33);
INSERT INTO alternativy_skusky(id_certifikatu, id_skusky) VALUES(4, 37);
INSERT INTO alternativy_skusky(id_certifikatu, id_skusky) VALUES(4, 50);
INSERT INTO alternativy_skusky(id_certifikatu, id_skusky) VALUES(6, 49);
INSERT INTO alternativy_skusky(id_certifikatu, id_skusky) VALUES(1, 50);
INSERT INTO alternativy_skusky(id_certifikatu, id_skusky) VALUES(7, 82);
INSERT INTO alternativy_skusky(id_certifikatu, id_skusky) VALUES(7, 61);
INSERT INTO alternativy_skusky(id_certifikatu, id_skusky) VALUES(2, 80);
INSERT INTO alternativy_skusky(id_certifikatu, id_skusky) VALUES(3, 99);
INSERT INTO alternativy_skusky(id_certifikatu, id_skusky) VALUES(5, 6);
INSERT INTO alternativy_skusky(id_certifikatu, id_skusky) VALUES(2, 24);
INSERT INTO alternativy_skusky(id_certifikatu, id_skusky) VALUES(1, 1);
INSERT INTO alternativy_skusky(id_certifikatu, id_skusky) VALUES(8, 26);
INSERT INTO alternativy_skusky(id_certifikatu, id_skusky) VALUES(5, 96);
INSERT INTO alternativy_skusky(id_certifikatu, id_skusky) VALUES(9, 14);
INSERT INTO alternativy_skusky(id_certifikatu, id_skusky) VALUES(3, 62);
INSERT INTO alternativy_skusky(id_certifikatu, id_skusky) VALUES(6, 30);
INSERT INTO alternativy_skusky(id_certifikatu, id_skusky) VALUES(3, 38);
INSERT INTO alternativy_skusky(id_certifikatu, id_skusky) VALUES(6, 3);
INSERT INTO alternativy_skusky(id_certifikatu, id_skusky) VALUES(7, 97);
INSERT INTO alternativy_skusky(id_certifikatu, id_skusky) VALUES(3, 4);
INSERT INTO alternativy_skusky(id_certifikatu, id_skusky) VALUES(10, 22);
INSERT INTO alternativy_skusky(id_certifikatu, id_skusky) VALUES(2, 28);
INSERT INTO alternativy_skusky(id_certifikatu, id_skusky) VALUES(3, 51);
INSERT INTO alternativy_skusky(id_certifikatu, id_skusky) VALUES(8, 86);
INSERT INTO alternativy_skusky(id_certifikatu, id_skusky) VALUES(6, 75);
INSERT INTO alternativy_skusky(id_certifikatu, id_skusky) VALUES(3, 1);
INSERT INTO alternativy_skusky(id_certifikatu, id_skusky) VALUES(10, 77);
INSERT INTO alternativy_skusky(id_certifikatu, id_skusky) VALUES(10, 59);
INSERT INTO alternativy_skusky(id_certifikatu, id_skusky) VALUES(5, 44);
INSERT INTO alternativy_skusky(id_certifikatu, id_skusky) VALUES(10, 65);
INSERT INTO alternativy_skusky(id_certifikatu, id_skusky) VALUES(4, 66);
INSERT INTO alternativy_skusky(id_certifikatu, id_skusky) VALUES(3, 94);
INSERT INTO alternativy_skusky(id_certifikatu, id_skusky) VALUES(7, 55);
INSERT INTO alternativy_skusky(id_certifikatu, id_skusky) VALUES(9, 70);
INSERT INTO alternativy_skusky(id_certifikatu, id_skusky) VALUES(1, 4);
INSERT INTO alternativy_skusky(id_certifikatu, id_skusky) VALUES(7, 83);
INSERT INTO alternativy_skusky(id_certifikatu, id_skusky) VALUES(6, 95);
INSERT INTO alternativy_skusky(id_certifikatu, id_skusky) VALUES(3, 13);
INSERT INTO alternativy_skusky(id_certifikatu, id_skusky) VALUES(4, 7);
INSERT INTO alternativy_skusky(id_certifikatu, id_skusky) VALUES(10, 38);
INSERT INTO alternativy_skusky(id_certifikatu, id_skusky) VALUES(7, 100);
INSERT INTO alternativy_skusky(id_certifikatu, id_skusky) VALUES(3, 84);
INSERT INTO alternativy_skusky(id_certifikatu, id_skusky) VALUES(7, 46);
INSERT INTO alternativy_skusky(id_certifikatu, id_skusky) VALUES(10, 76);
INSERT INTO alternativy_skusky(id_certifikatu, id_skusky) VALUES(9, 48);
INSERT INTO alternativy_skusky(id_certifikatu, id_skusky) VALUES(4, 43);
INSERT INTO alternativy_skusky(id_certifikatu, id_skusky) VALUES(1, 64);
INSERT INTO alternativy_skusky(id_certifikatu, id_skusky) VALUES(5, 80);
INSERT INTO alternativy_skusky(id_certifikatu, id_skusky) VALUES(1, 81);
INSERT INTO alternativy_skusky(id_certifikatu, id_skusky) VALUES(5, 35);
INSERT INTO alternativy_skusky(id_certifikatu, id_skusky) VALUES(3, 63);
INSERT INTO alternativy_skusky(id_certifikatu, id_skusky) VALUES(5, 87);
INSERT INTO alternativy_skusky(id_certifikatu, id_skusky) VALUES(2, 73);
INSERT INTO alternativy_skusky(id_certifikatu, id_skusky) VALUES(1, 99);
INSERT INTO alternativy_skusky(id_certifikatu, id_skusky) VALUES(2, 62);
INSERT INTO alternativy_skusky(id_certifikatu, id_skusky) VALUES(2, 13);
INSERT INTO alternativy_skusky(id_certifikatu, id_skusky) VALUES(10, 27);
INSERT INTO alternativy_skusky(id_certifikatu, id_skusky) VALUES(10, 9);
INSERT INTO alternativy_skusky(id_certifikatu, id_skusky) VALUES(3, 34);
INSERT INTO alternativy_skusky(id_certifikatu, id_skusky) VALUES(7, 31);
INSERT INTO alternativy_skusky(id_certifikatu, id_skusky) VALUES(3, 96);
INSERT INTO alternativy_skusky(id_certifikatu, id_skusky) VALUES(10, 51);
INSERT INTO alternativy_skusky(id_certifikatu, id_skusky) VALUES(2, 27);
INSERT INTO alternativy_skusky(id_certifikatu, id_skusky) VALUES(10, 90);
INSERT INTO alternativy_skusky(id_certifikatu, id_skusky) VALUES(4, 46);
INSERT INTO alternativy_skusky(id_certifikatu, id_skusky) VALUES(8, 18);
INSERT INTO alternativy_skusky(id_certifikatu, id_skusky) VALUES(9, 15);
INSERT INTO alternativy_skusky(id_certifikatu, id_skusky) VALUES(1, 72);
INSERT INTO alternativy_skusky(id_certifikatu, id_skusky) VALUES(6, 27);
INSERT INTO alternativy_skusky(id_certifikatu, id_skusky) VALUES(4, 18);
INSERT INTO alternativy_skusky(id_certifikatu, id_skusky) VALUES(10, 10);
INSERT INTO alternativy_skusky(id_certifikatu, id_skusky) VALUES(4, 60);
INSERT INTO alternativy_skusky(id_certifikatu, id_skusky) VALUES(6, 92);
INSERT INTO alternativy_skusky(id_certifikatu, id_skusky) VALUES(4, 64);
INSERT INTO alternativy_skusky(id_certifikatu, id_skusky) VALUES(8, 59);
INSERT INTO alternativy_skusky(id_certifikatu, id_skusky) VALUES(1, 70);
INSERT INTO alternativy_skusky(id_certifikatu, id_skusky) VALUES(2, 85);
INSERT INTO alternativy_skusky(id_certifikatu, id_skusky) VALUES(3, 30);
INSERT INTO alternativy_skusky(id_certifikatu, id_skusky) VALUES(2, 47);
INSERT INTO alternativy_skusky(id_certifikatu, id_skusky) VALUES(8, 88);
INSERT INTO alternativy_skusky(id_certifikatu, id_skusky) VALUES(3, 37);
INSERT INTO alternativy_skusky(id_certifikatu, id_skusky) VALUES(4, 40);
INSERT INTO alternativy_skusky(id_certifikatu, id_skusky) VALUES(7, 11);
INSERT INTO alternativy_skusky(id_certifikatu, id_skusky) VALUES(1, 40);
INSERT INTO alternativy_skusky(id_certifikatu, id_skusky) VALUES(6, 15);
INSERT INTO alternativy_skusky(id_certifikatu, id_skusky) VALUES(9, 5);
INSERT INTO alternativy_skusky(id_certifikatu, id_skusky) VALUES(9, 21);
INSERT INTO alternativy_skusky(id_certifikatu, id_skusky) VALUES(3, 67);
INSERT INTO alternativy_skusky(id_certifikatu, id_skusky) VALUES(7, 4);
INSERT INTO alternativy_skusky(id_certifikatu, id_skusky) VALUES(1, 10);
INSERT INTO alternativy_skusky(id_certifikatu, id_skusky) VALUES(8, 31);
INSERT INTO alternativy_skusky(id_certifikatu, id_skusky) VALUES(5, 94);
INSERT INTO alternativy_skusky(id_certifikatu, id_skusky) VALUES(8, 89);
INSERT INTO alternativy_skusky(id_certifikatu, id_skusky) VALUES(7, 14);
INSERT INTO alternativy_skusky(id_certifikatu, id_skusky) VALUES(8, 53);
INSERT INTO alternativy_skusky(id_certifikatu, id_skusky) VALUES(2, 45);

--### Generujem Prerekvizity ###

SET SERVEROUTPUT ON;
DECLARE  myVar NUMBER(16);

BEGIN
  myVar:=ADD_PREREKVIZITY( 7, 3 );
  IF myVar > 0 THEN dbms_output.put_line('Output code: ' || myVar); END IF;
  myVar:=ADD_PREREKVIZITY( 8, 1 );
  IF myVar > 0 THEN dbms_output.put_line('Output code: ' || myVar); END IF;
  myVar:=ADD_PREREKVIZITY( 3, 9 );
  IF myVar > 0 THEN dbms_output.put_line('Output code: ' || myVar); END IF;
  myVar:=ADD_PREREKVIZITY( 2, 10 );
  IF myVar > 0 THEN dbms_output.put_line('Output code: ' || myVar); END IF;
  myVar:=ADD_PREREKVIZITY( 6, 5 );
  IF myVar > 0 THEN dbms_output.put_line('Output code: ' || myVar); END IF;
  myVar:=ADD_PREREKVIZITY( 3, 6 );
  IF myVar > 0 THEN dbms_output.put_line('Output code: ' || myVar); END IF;
  myVar:=ADD_PREREKVIZITY( 6, 8 );
  IF myVar > 0 THEN dbms_output.put_line('Output code: ' || myVar); END IF;
  myVar:=ADD_PREREKVIZITY( 10, 4 );
  IF myVar > 0 THEN dbms_output.put_line('Output code: ' || myVar); END IF;
  myVar:=ADD_PREREKVIZITY( 10, 7 );
  IF myVar > 0 THEN dbms_output.put_line('Output code: ' || myVar); END IF;
  myVar:=ADD_PREREKVIZITY( 9, 2 );
  IF myVar > 0 THEN dbms_output.put_line('Output code: ' || myVar); END IF;
END;
/

--### Generujem DodatoËnÈ podmienky ###

INSERT INTO dodatocne_podmienky(id_certifikatu, id_typu_podmienky) VALUES(3, 6);
INSERT INTO dodatocne_podmienky(id_certifikatu, id_typu_podmienky) VALUES(10, 2);
INSERT INTO dodatocne_podmienky(id_certifikatu, id_typu_podmienky) VALUES(2, 3);
INSERT INTO dodatocne_podmienky(id_certifikatu, id_typu_podmienky) VALUES(1, 5);
INSERT INTO dodatocne_podmienky(id_certifikatu, id_typu_podmienky) VALUES(9, 1);
INSERT INTO dodatocne_podmienky(id_certifikatu, id_typu_podmienky) VALUES(4, 5);
INSERT INTO dodatocne_podmienky(id_certifikatu, id_typu_podmienky) VALUES(1, 6);
INSERT INTO dodatocne_podmienky(id_certifikatu, id_typu_podmienky) VALUES(7, 2);
INSERT INTO dodatocne_podmienky(id_certifikatu, id_typu_podmienky) VALUES(2, 5);
INSERT INTO dodatocne_podmienky(id_certifikatu, id_typu_podmienky) VALUES(2, 7);
INSERT INTO dodatocne_podmienky(id_certifikatu, id_typu_podmienky) VALUES(4, 1);
INSERT INTO dodatocne_podmienky(id_certifikatu, id_typu_podmienky) VALUES(6, 6);
INSERT INTO dodatocne_podmienky(id_certifikatu, id_typu_podmienky) VALUES(3, 8);
INSERT INTO dodatocne_podmienky(id_certifikatu, id_typu_podmienky) VALUES(9, 5);
INSERT INTO dodatocne_podmienky(id_certifikatu, id_typu_podmienky) VALUES(3, 5);
INSERT INTO dodatocne_podmienky(id_certifikatu, id_typu_podmienky) VALUES(1, 10);
INSERT INTO dodatocne_podmienky(id_certifikatu, id_typu_podmienky) VALUES(7, 1);
INSERT INTO dodatocne_podmienky(id_certifikatu, id_typu_podmienky) VALUES(6, 9);
INSERT INTO dodatocne_podmienky(id_certifikatu, id_typu_podmienky) VALUES(7, 4);
INSERT INTO dodatocne_podmienky(id_certifikatu, id_typu_podmienky) VALUES(1, 8);
INSERT INTO dodatocne_podmienky(id_certifikatu, id_typu_podmienky) VALUES(8, 10);
INSERT INTO dodatocne_podmienky(id_certifikatu, id_typu_podmienky) VALUES(7, 8);
INSERT INTO dodatocne_podmienky(id_certifikatu, id_typu_podmienky) VALUES(1, 7);
INSERT INTO dodatocne_podmienky(id_certifikatu, id_typu_podmienky) VALUES(5, 2);
INSERT INTO dodatocne_podmienky(id_certifikatu, id_typu_podmienky) VALUES(2, 1);
INSERT INTO dodatocne_podmienky(id_certifikatu, id_typu_podmienky) VALUES(6, 1);
INSERT INTO dodatocne_podmienky(id_certifikatu, id_typu_podmienky) VALUES(3, 1);
INSERT INTO dodatocne_podmienky(id_certifikatu, id_typu_podmienky) VALUES(8, 8);
INSERT INTO dodatocne_podmienky(id_certifikatu, id_typu_podmienky) VALUES(10, 3);
INSERT INTO dodatocne_podmienky(id_certifikatu, id_typu_podmienky) VALUES(1, 9);
INSERT INTO dodatocne_podmienky(id_certifikatu, id_typu_podmienky) VALUES(6, 8);
INSERT INTO dodatocne_podmienky(id_certifikatu, id_typu_podmienky) VALUES(9, 7);
INSERT INTO dodatocne_podmienky(id_certifikatu, id_typu_podmienky) VALUES(3, 9);
INSERT INTO dodatocne_podmienky(id_certifikatu, id_typu_podmienky) VALUES(10, 8);
INSERT INTO dodatocne_podmienky(id_certifikatu, id_typu_podmienky) VALUES(2, 10);
INSERT INTO dodatocne_podmienky(id_certifikatu, id_typu_podmienky) VALUES(6, 5);
INSERT INTO dodatocne_podmienky(id_certifikatu, id_typu_podmienky) VALUES(6, 4);
INSERT INTO dodatocne_podmienky(id_certifikatu, id_typu_podmienky) VALUES(2, 8);
INSERT INTO dodatocne_podmienky(id_certifikatu, id_typu_podmienky) VALUES(10, 4);
INSERT INTO dodatocne_podmienky(id_certifikatu, id_typu_podmienky) VALUES(4, 8);
INSERT INTO dodatocne_podmienky(id_certifikatu, id_typu_podmienky) VALUES(9, 4);
INSERT INTO dodatocne_podmienky(id_certifikatu, id_typu_podmienky) VALUES(1, 2);
INSERT INTO dodatocne_podmienky(id_certifikatu, id_typu_podmienky) VALUES(10, 5);
INSERT INTO dodatocne_podmienky(id_certifikatu, id_typu_podmienky) VALUES(1, 4);
INSERT INTO dodatocne_podmienky(id_certifikatu, id_typu_podmienky) VALUES(5, 5);
INSERT INTO dodatocne_podmienky(id_certifikatu, id_typu_podmienky) VALUES(3, 2);
INSERT INTO dodatocne_podmienky(id_certifikatu, id_typu_podmienky) VALUES(2, 2);
INSERT INTO dodatocne_podmienky(id_certifikatu, id_typu_podmienky) VALUES(4, 10);
INSERT INTO dodatocne_podmienky(id_certifikatu, id_typu_podmienky) VALUES(4, 7);
INSERT INTO dodatocne_podmienky(id_certifikatu, id_typu_podmienky) VALUES(4, 2);

--### Generujem Splnenia dodatoËn˝ch sk˙öok ###

INSERT INTO splnenie_dodatocnej_podmienky(id_certifikatu, id_typu_podmienky, rod_cislo) VALUES(10, 2, '0259059787');
INSERT INTO splnenie_dodatocnej_podmienky(id_certifikatu, id_typu_podmienky, rod_cislo) VALUES(4, 2, '7708395941');
INSERT INTO splnenie_dodatocnej_podmienky(id_certifikatu, id_typu_podmienky, rod_cislo) VALUES(9, 7, '9652213444');
INSERT INTO splnenie_dodatocnej_podmienky(id_certifikatu, id_typu_podmienky, rod_cislo) VALUES(4, 2, '6656036131');
INSERT INTO splnenie_dodatocnej_podmienky(id_certifikatu, id_typu_podmienky, rod_cislo) VALUES(4, 7, '0854289504');
INSERT INTO splnenie_dodatocnej_podmienky(id_certifikatu, id_typu_podmienky, rod_cislo) VALUES(5, 5, '5259325786');
INSERT INTO splnenie_dodatocnej_podmienky(id_certifikatu, id_typu_podmienky, rod_cislo) VALUES(1, 8, '6562156734');
INSERT INTO splnenie_dodatocnej_podmienky(id_certifikatu, id_typu_podmienky, rod_cislo) VALUES(9, 1, '9053259573');
INSERT INTO splnenie_dodatocnej_podmienky(id_certifikatu, id_typu_podmienky, rod_cislo) VALUES(2, 7, '0908283779');
INSERT INTO splnenie_dodatocnej_podmienky(id_certifikatu, id_typu_podmienky, rod_cislo) VALUES(3, 6, '1757016386');
INSERT INTO splnenie_dodatocnej_podmienky(id_certifikatu, id_typu_podmienky, rod_cislo) VALUES(3, 8, '9504171313');
INSERT INTO splnenie_dodatocnej_podmienky(id_certifikatu, id_typu_podmienky, rod_cislo) VALUES(10, 5, '6206231514');
INSERT INTO splnenie_dodatocnej_podmienky(id_certifikatu, id_typu_podmienky, rod_cislo) VALUES(9, 1, '7001004163');
INSERT INTO splnenie_dodatocnej_podmienky(id_certifikatu, id_typu_podmienky, rod_cislo) VALUES(9, 4, '2112368953');
INSERT INTO splnenie_dodatocnej_podmienky(id_certifikatu, id_typu_podmienky, rod_cislo) VALUES(3, 5, '2807276939');
INSERT INTO splnenie_dodatocnej_podmienky(id_certifikatu, id_typu_podmienky, rod_cislo) VALUES(6, 5, '0151025902');
INSERT INTO splnenie_dodatocnej_podmienky(id_certifikatu, id_typu_podmienky, rod_cislo) VALUES(1, 9, '8460130716');
INSERT INTO splnenie_dodatocnej_podmienky(id_certifikatu, id_typu_podmienky, rod_cislo) VALUES(6, 4, '4306338990');
INSERT INTO splnenie_dodatocnej_podmienky(id_certifikatu, id_typu_podmienky, rod_cislo) VALUES(6, 5, '8603361688');
INSERT INTO splnenie_dodatocnej_podmienky(id_certifikatu, id_typu_podmienky, rod_cislo) VALUES(2, 7, '0955055793');
INSERT INTO splnenie_dodatocnej_podmienky(id_certifikatu, id_typu_podmienky, rod_cislo) VALUES(1, 4, '7708395941');
INSERT INTO splnenie_dodatocnej_podmienky(id_certifikatu, id_typu_podmienky, rod_cislo) VALUES(3, 8, '6158374743');
INSERT INTO splnenie_dodatocnej_podmienky(id_certifikatu, id_typu_podmienky, rod_cislo) VALUES(3, 1, '9456278112');
INSERT INTO splnenie_dodatocnej_podmienky(id_certifikatu, id_typu_podmienky, rod_cislo) VALUES(2, 8, '2153056773');
INSERT INTO splnenie_dodatocnej_podmienky(id_certifikatu, id_typu_podmienky, rod_cislo) VALUES(1, 5, '2153056773');
INSERT INTO splnenie_dodatocnej_podmienky(id_certifikatu, id_typu_podmienky, rod_cislo) VALUES(2, 7, '9912301402');
INSERT INTO splnenie_dodatocnej_podmienky(id_certifikatu, id_typu_podmienky, rod_cislo) VALUES(7, 1, '6953333995');
INSERT INTO splnenie_dodatocnej_podmienky(id_certifikatu, id_typu_podmienky, rod_cislo) VALUES(7, 1, '9056343808');
INSERT INTO splnenie_dodatocnej_podmienky(id_certifikatu, id_typu_podmienky, rod_cislo) VALUES(4, 10, '8304004395');
INSERT INTO splnenie_dodatocnej_podmienky(id_certifikatu, id_typu_podmienky, rod_cislo) VALUES(7, 4, '7312250045');
INSERT INTO splnenie_dodatocnej_podmienky(id_certifikatu, id_typu_podmienky, rod_cislo) VALUES(1, 9, '5261303023');
INSERT INTO splnenie_dodatocnej_podmienky(id_certifikatu, id_typu_podmienky, rod_cislo) VALUES(1, 5, '0802378671');
INSERT INTO splnenie_dodatocnej_podmienky(id_certifikatu, id_typu_podmienky, rod_cislo) VALUES(2, 10, '2502362905');
INSERT INTO splnenie_dodatocnej_podmienky(id_certifikatu, id_typu_podmienky, rod_cislo) VALUES(2, 10, '7052085431');
INSERT INTO splnenie_dodatocnej_podmienky(id_certifikatu, id_typu_podmienky, rod_cislo) VALUES(10, 4, '2006293273');
INSERT INTO splnenie_dodatocnej_podmienky(id_certifikatu, id_typu_podmienky, rod_cislo) VALUES(8, 8, '7052085431');
INSERT INTO splnenie_dodatocnej_podmienky(id_certifikatu, id_typu_podmienky, rod_cislo) VALUES(2, 5, '4811356214');
INSERT INTO splnenie_dodatocnej_podmienky(id_certifikatu, id_typu_podmienky, rod_cislo) VALUES(1, 7, '7001004163');
INSERT INTO splnenie_dodatocnej_podmienky(id_certifikatu, id_typu_podmienky, rod_cislo) VALUES(4, 10, '1954370904');
INSERT INTO splnenie_dodatocnej_podmienky(id_certifikatu, id_typu_podmienky, rod_cislo) VALUES(6, 5, '4456352693');
INSERT INTO splnenie_dodatocnej_podmienky(id_certifikatu, id_typu_podmienky, rod_cislo) VALUES(6, 4, '3203194230');
INSERT INTO splnenie_dodatocnej_podmienky(id_certifikatu, id_typu_podmienky, rod_cislo) VALUES(9, 7, '3611334112');
INSERT INTO splnenie_dodatocnej_podmienky(id_certifikatu, id_typu_podmienky, rod_cislo) VALUES(6, 5, '5207139951');
INSERT INTO splnenie_dodatocnej_podmienky(id_certifikatu, id_typu_podmienky, rod_cislo) VALUES(4, 1, '5455346628');
INSERT INTO splnenie_dodatocnej_podmienky(id_certifikatu, id_typu_podmienky, rod_cislo) VALUES(6, 8, '9912301402');
INSERT INTO splnenie_dodatocnej_podmienky(id_certifikatu, id_typu_podmienky, rod_cislo) VALUES(3, 8, '1659249112');
INSERT INTO splnenie_dodatocnej_podmienky(id_certifikatu, id_typu_podmienky, rod_cislo) VALUES(8, 8, '1051130853');
INSERT INTO splnenie_dodatocnej_podmienky(id_certifikatu, id_typu_podmienky, rod_cislo) VALUES(4, 5, '5361194043');
INSERT INTO splnenie_dodatocnej_podmienky(id_certifikatu, id_typu_podmienky, rod_cislo) VALUES(9, 5, '7751264681');
INSERT INTO splnenie_dodatocnej_podmienky(id_certifikatu, id_typu_podmienky, rod_cislo) VALUES(3, 8, '0908283779');
INSERT INTO splnenie_dodatocnej_podmienky(id_certifikatu, id_typu_podmienky, rod_cislo) VALUES(1, 7, '9060317327');
INSERT INTO splnenie_dodatocnej_podmienky(id_certifikatu, id_typu_podmienky, rod_cislo) VALUES(4, 2, '1909146664');
INSERT INTO splnenie_dodatocnej_podmienky(id_certifikatu, id_typu_podmienky, rod_cislo) VALUES(6, 1, '8304004395');
INSERT INTO splnenie_dodatocnej_podmienky(id_certifikatu, id_typu_podmienky, rod_cislo) VALUES(2, 3, '4657012813');
INSERT INTO splnenie_dodatocnej_podmienky(id_certifikatu, id_typu_podmienky, rod_cislo) VALUES(2, 5, '8806322372');
INSERT INTO splnenie_dodatocnej_podmienky(id_certifikatu, id_typu_podmienky, rod_cislo) VALUES(7, 1, '1501053195');
INSERT INTO splnenie_dodatocnej_podmienky(id_certifikatu, id_typu_podmienky, rod_cislo) VALUES(6, 8, '4205040471');
INSERT INTO splnenie_dodatocnej_podmienky(id_certifikatu, id_typu_podmienky, rod_cislo) VALUES(3, 8, '2153056773');
INSERT INTO splnenie_dodatocnej_podmienky(id_certifikatu, id_typu_podmienky, rod_cislo) VALUES(8, 10, '8311207847');
INSERT INTO splnenie_dodatocnej_podmienky(id_certifikatu, id_typu_podmienky, rod_cislo) VALUES(2, 7, '6305377105');
INSERT INTO splnenie_dodatocnej_podmienky(id_certifikatu, id_typu_podmienky, rod_cislo) VALUES(6, 8, '5207139951');
INSERT INTO splnenie_dodatocnej_podmienky(id_certifikatu, id_typu_podmienky, rod_cislo) VALUES(9, 4, '2707254170');
INSERT INTO splnenie_dodatocnej_podmienky(id_certifikatu, id_typu_podmienky, rod_cislo) VALUES(4, 5, '1254085621');
INSERT INTO splnenie_dodatocnej_podmienky(id_certifikatu, id_typu_podmienky, rod_cislo) VALUES(1, 9, '3762305289');
INSERT INTO splnenie_dodatocnej_podmienky(id_certifikatu, id_typu_podmienky, rod_cislo) VALUES(10, 4, '4257324728');
INSERT INTO splnenie_dodatocnej_podmienky(id_certifikatu, id_typu_podmienky, rod_cislo) VALUES(3, 8, '6151231908');
INSERT INTO splnenie_dodatocnej_podmienky(id_certifikatu, id_typu_podmienky, rod_cislo) VALUES(2, 3, '8860073035');
INSERT INTO splnenie_dodatocnej_podmienky(id_certifikatu, id_typu_podmienky, rod_cislo) VALUES(1, 5, '9456278112');
INSERT INTO splnenie_dodatocnej_podmienky(id_certifikatu, id_typu_podmienky, rod_cislo) VALUES(7, 2, '5601253370');
INSERT INTO splnenie_dodatocnej_podmienky(id_certifikatu, id_typu_podmienky, rod_cislo) VALUES(2, 5, '6108333982');
INSERT INTO splnenie_dodatocnej_podmienky(id_certifikatu, id_typu_podmienky, rod_cislo) VALUES(6, 1, '4859166759');
INSERT INTO splnenie_dodatocnej_podmienky(id_certifikatu, id_typu_podmienky, rod_cislo) VALUES(1, 8, '6510127544');
INSERT INTO splnenie_dodatocnej_podmienky(id_certifikatu, id_typu_podmienky, rod_cislo) VALUES(4, 1, '5459021103');
INSERT INTO splnenie_dodatocnej_podmienky(id_certifikatu, id_typu_podmienky, rod_cislo) VALUES(10, 3, '6009252983');
INSERT INTO splnenie_dodatocnej_podmienky(id_certifikatu, id_typu_podmienky, rod_cislo) VALUES(2, 2, '0806231350');
INSERT INTO splnenie_dodatocnej_podmienky(id_certifikatu, id_typu_podmienky, rod_cislo) VALUES(9, 7, '1954370904');
INSERT INTO splnenie_dodatocnej_podmienky(id_certifikatu, id_typu_podmienky, rod_cislo) VALUES(9, 7, '2453296693');
INSERT INTO splnenie_dodatocnej_podmienky(id_certifikatu, id_typu_podmienky, rod_cislo) VALUES(2, 2, '9012118337');
INSERT INTO splnenie_dodatocnej_podmienky(id_certifikatu, id_typu_podmienky, rod_cislo) VALUES(4, 7, '4456352693');
INSERT INTO splnenie_dodatocnej_podmienky(id_certifikatu, id_typu_podmienky, rod_cislo) VALUES(3, 9, '1157202025');
INSERT INTO splnenie_dodatocnej_podmienky(id_certifikatu, id_typu_podmienky, rod_cislo) VALUES(3, 8, '3209045309');
INSERT INTO splnenie_dodatocnej_podmienky(id_certifikatu, id_typu_podmienky, rod_cislo) VALUES(2, 8, '7362089745');
INSERT INTO splnenie_dodatocnej_podmienky(id_certifikatu, id_typu_podmienky, rod_cislo) VALUES(2, 10, '4312268881');
INSERT INTO splnenie_dodatocnej_podmienky(id_certifikatu, id_typu_podmienky, rod_cislo) VALUES(1, 9, '3506006075');
INSERT INTO splnenie_dodatocnej_podmienky(id_certifikatu, id_typu_podmienky, rod_cislo) VALUES(6, 4, '1159051528');
INSERT INTO splnenie_dodatocnej_podmienky(id_certifikatu, id_typu_podmienky, rod_cislo) VALUES(6, 6, '0557203222');
INSERT INTO splnenie_dodatocnej_podmienky(id_certifikatu, id_typu_podmienky, rod_cislo) VALUES(6, 6, '3758031265');
INSERT INTO splnenie_dodatocnej_podmienky(id_certifikatu, id_typu_podmienky, rod_cislo) VALUES(2, 8, '7257318643');
INSERT INTO splnenie_dodatocnej_podmienky(id_certifikatu, id_typu_podmienky, rod_cislo) VALUES(7, 4, '1006388019');
INSERT INTO splnenie_dodatocnej_podmienky(id_certifikatu, id_typu_podmienky, rod_cislo) VALUES(9, 1, '2361061632');
INSERT INTO splnenie_dodatocnej_podmienky(id_certifikatu, id_typu_podmienky, rod_cislo) VALUES(9, 1, '3212024124');
INSERT INTO splnenie_dodatocnej_podmienky(id_certifikatu, id_typu_podmienky, rod_cislo) VALUES(6, 8, '8258001314');
INSERT INTO splnenie_dodatocnej_podmienky(id_certifikatu, id_typu_podmienky, rod_cislo) VALUES(3, 8, '3660375304');
INSERT INTO splnenie_dodatocnej_podmienky(id_certifikatu, id_typu_podmienky, rod_cislo) VALUES(3, 8, '3709290743');
INSERT INTO splnenie_dodatocnej_podmienky(id_certifikatu, id_typu_podmienky, rod_cislo) VALUES(7, 2, '9903255580');
INSERT INTO splnenie_dodatocnej_podmienky(id_certifikatu, id_typu_podmienky, rod_cislo) VALUES(1, 10, '0707310112');
INSERT INTO splnenie_dodatocnej_podmienky(id_certifikatu, id_typu_podmienky, rod_cislo) VALUES(1, 2, '2053388911');
INSERT INTO splnenie_dodatocnej_podmienky(id_certifikatu, id_typu_podmienky, rod_cislo) VALUES(2, 10, '2305133206');
INSERT INTO splnenie_dodatocnej_podmienky(id_certifikatu, id_typu_podmienky, rod_cislo) VALUES(10, 2, '8010024941');
INSERT INTO splnenie_dodatocnej_podmienky(id_certifikatu, id_typu_podmienky, rod_cislo) VALUES(1, 9, '1511247516');
INSERT INTO splnenie_dodatocnej_podmienky(id_certifikatu, id_typu_podmienky, rod_cislo) VALUES(3, 2, '6305377105');
INSERT INTO splnenie_dodatocnej_podmienky(id_certifikatu, id_typu_podmienky, rod_cislo) VALUES(9, 1, '1659249112');
INSERT INTO splnenie_dodatocnej_podmienky(id_certifikatu, id_typu_podmienky, rod_cislo) VALUES(3, 5, '8302060119');
INSERT INTO splnenie_dodatocnej_podmienky(id_certifikatu, id_typu_podmienky, rod_cislo) VALUES(3, 8, '0557203222');
INSERT INTO splnenie_dodatocnej_podmienky(id_certifikatu, id_typu_podmienky, rod_cislo) VALUES(7, 2, '7304177334');
INSERT INTO splnenie_dodatocnej_podmienky(id_certifikatu, id_typu_podmienky, rod_cislo) VALUES(8, 8, '5455379022');
INSERT INTO splnenie_dodatocnej_podmienky(id_certifikatu, id_typu_podmienky, rod_cislo) VALUES(6, 9, '2808362708');
INSERT INTO splnenie_dodatocnej_podmienky(id_certifikatu, id_typu_podmienky, rod_cislo) VALUES(1, 9, '6158374743');
INSERT INTO splnenie_dodatocnej_podmienky(id_certifikatu, id_typu_podmienky, rod_cislo) VALUES(3, 1, '1157202025');
INSERT INTO splnenie_dodatocnej_podmienky(id_certifikatu, id_typu_podmienky, rod_cislo) VALUES(5, 5, '8660176455');
INSERT INTO splnenie_dodatocnej_podmienky(id_certifikatu, id_typu_podmienky, rod_cislo) VALUES(4, 8, '7503003552');
INSERT INTO splnenie_dodatocnej_podmienky(id_certifikatu, id_typu_podmienky, rod_cislo) VALUES(3, 9, '2957279368');
INSERT INTO splnenie_dodatocnej_podmienky(id_certifikatu, id_typu_podmienky, rod_cislo) VALUES(7, 8, '7708395941');
INSERT INTO splnenie_dodatocnej_podmienky(id_certifikatu, id_typu_podmienky, rod_cislo) VALUES(7, 2, '0212055882');
INSERT INTO splnenie_dodatocnej_podmienky(id_certifikatu, id_typu_podmienky, rod_cislo) VALUES(5, 5, '5711399095');
INSERT INTO splnenie_dodatocnej_podmienky(id_certifikatu, id_typu_podmienky, rod_cislo) VALUES(8, 10, '7607162940');
INSERT INTO splnenie_dodatocnej_podmienky(id_certifikatu, id_typu_podmienky, rod_cislo) VALUES(10, 4, '8603361688');
INSERT INTO splnenie_dodatocnej_podmienky(id_certifikatu, id_typu_podmienky, rod_cislo) VALUES(1, 7, '1061393930');
INSERT INTO splnenie_dodatocnej_podmienky(id_certifikatu, id_typu_podmienky, rod_cislo) VALUES(7, 1, '5359113599');
INSERT INTO splnenie_dodatocnej_podmienky(id_certifikatu, id_typu_podmienky, rod_cislo) VALUES(4, 7, '2912295973');
INSERT INTO splnenie_dodatocnej_podmienky(id_certifikatu, id_typu_podmienky, rod_cislo) VALUES(10, 2, '4504346790');
INSERT INTO splnenie_dodatocnej_podmienky(id_certifikatu, id_typu_podmienky, rod_cislo) VALUES(2, 1, '6255059549');
INSERT INTO splnenie_dodatocnej_podmienky(id_certifikatu, id_typu_podmienky, rod_cislo) VALUES(7, 1, '7357037837');
INSERT INTO splnenie_dodatocnej_podmienky(id_certifikatu, id_typu_podmienky, rod_cislo) VALUES(5, 5, '6152176369');
INSERT INTO splnenie_dodatocnej_podmienky(id_certifikatu, id_typu_podmienky, rod_cislo) VALUES(2, 7, '9612271592');
INSERT INTO splnenie_dodatocnej_podmienky(id_certifikatu, id_typu_podmienky, rod_cislo) VALUES(7, 1, '8508032840');
INSERT INTO splnenie_dodatocnej_podmienky(id_certifikatu, id_typu_podmienky, rod_cislo) VALUES(2, 1, '3710030216');
INSERT INTO splnenie_dodatocnej_podmienky(id_certifikatu, id_typu_podmienky, rod_cislo) VALUES(9, 4, '7004057768');
INSERT INTO splnenie_dodatocnej_podmienky(id_certifikatu, id_typu_podmienky, rod_cislo) VALUES(7, 4, '5853148648');
INSERT INTO splnenie_dodatocnej_podmienky(id_certifikatu, id_typu_podmienky, rod_cislo) VALUES(2, 2, '3506273258');
INSERT INTO splnenie_dodatocnej_podmienky(id_certifikatu, id_typu_podmienky, rod_cislo) VALUES(7, 1, '5962391443');
INSERT INTO splnenie_dodatocnej_podmienky(id_certifikatu, id_typu_podmienky, rod_cislo) VALUES(3, 2, '3104147121');
INSERT INTO splnenie_dodatocnej_podmienky(id_certifikatu, id_typu_podmienky, rod_cislo) VALUES(10, 2, '8952177006');
INSERT INTO splnenie_dodatocnej_podmienky(id_certifikatu, id_typu_podmienky, rod_cislo) VALUES(4, 2, '6503169993');
INSERT INTO splnenie_dodatocnej_podmienky(id_certifikatu, id_typu_podmienky, rod_cislo) VALUES(3, 9, '8008264835');
INSERT INTO splnenie_dodatocnej_podmienky(id_certifikatu, id_typu_podmienky, rod_cislo) VALUES(1, 7, '6905228107');
INSERT INTO splnenie_dodatocnej_podmienky(id_certifikatu, id_typu_podmienky, rod_cislo) VALUES(1, 9, '0202051355');
INSERT INTO splnenie_dodatocnej_podmienky(id_certifikatu, id_typu_podmienky, rod_cislo) VALUES(1, 8, '6358368103');
INSERT INTO splnenie_dodatocnej_podmienky(id_certifikatu, id_typu_podmienky, rod_cislo) VALUES(1, 5, '9502087390');
INSERT INTO splnenie_dodatocnej_podmienky(id_certifikatu, id_typu_podmienky, rod_cislo) VALUES(6, 9, '6009252983');
INSERT INTO splnenie_dodatocnej_podmienky(id_certifikatu, id_typu_podmienky, rod_cislo) VALUES(2, 3, '5210088520');
INSERT INTO splnenie_dodatocnej_podmienky(id_certifikatu, id_typu_podmienky, rod_cislo) VALUES(7, 1, '1754392700');
INSERT INTO splnenie_dodatocnej_podmienky(id_certifikatu, id_typu_podmienky, rod_cislo) VALUES(1, 10, '1103107337');
INSERT INTO splnenie_dodatocnej_podmienky(id_certifikatu, id_typu_podmienky, rod_cislo) VALUES(3, 2, '6812293565');
INSERT INTO splnenie_dodatocnej_podmienky(id_certifikatu, id_typu_podmienky, rod_cislo) VALUES(7, 4, '3110209070');
INSERT INTO splnenie_dodatocnej_podmienky(id_certifikatu, id_typu_podmienky, rod_cislo) VALUES(1, 7, '1808209263');
INSERT INTO splnenie_dodatocnej_podmienky(id_certifikatu, id_typu_podmienky, rod_cislo) VALUES(3, 9, '0105090461');
INSERT INTO splnenie_dodatocnej_podmienky(id_certifikatu, id_typu_podmienky, rod_cislo) VALUES(10, 2, '8606334333');
INSERT INTO splnenie_dodatocnej_podmienky(id_certifikatu, id_typu_podmienky, rod_cislo) VALUES(2, 3, '8160110088');
INSERT INTO splnenie_dodatocnej_podmienky(id_certifikatu, id_typu_podmienky, rod_cislo) VALUES(2, 8, '9409297339');
INSERT INTO splnenie_dodatocnej_podmienky(id_certifikatu, id_typu_podmienky, rod_cislo) VALUES(9, 5, '9652226214');
INSERT INTO splnenie_dodatocnej_podmienky(id_certifikatu, id_typu_podmienky, rod_cislo) VALUES(2, 2, '3304370834');
INSERT INTO splnenie_dodatocnej_podmienky(id_certifikatu, id_typu_podmienky, rod_cislo) VALUES(1, 9, '8606334333');
INSERT INTO splnenie_dodatocnej_podmienky(id_certifikatu, id_typu_podmienky, rod_cislo) VALUES(9, 4, '2957279368');
INSERT INTO splnenie_dodatocnej_podmienky(id_certifikatu, id_typu_podmienky, rod_cislo) VALUES(8, 8, '9204261643');
INSERT INTO splnenie_dodatocnej_podmienky(id_certifikatu, id_typu_podmienky, rod_cislo) VALUES(7, 8, '2053388911');
INSERT INTO splnenie_dodatocnej_podmienky(id_certifikatu, id_typu_podmienky, rod_cislo) VALUES(5, 5, '6009252983');
INSERT INTO splnenie_dodatocnej_podmienky(id_certifikatu, id_typu_podmienky, rod_cislo) VALUES(1, 6, '0609084659');
INSERT INTO splnenie_dodatocnej_podmienky(id_certifikatu, id_typu_podmienky, rod_cislo) VALUES(10, 3, '9605271600');
INSERT INTO splnenie_dodatocnej_podmienky(id_certifikatu, id_typu_podmienky, rod_cislo) VALUES(1, 10, '2652162452');
INSERT INTO splnenie_dodatocnej_podmienky(id_certifikatu, id_typu_podmienky, rod_cislo) VALUES(6, 4, '3005198373');
INSERT INTO splnenie_dodatocnej_podmienky(id_certifikatu, id_typu_podmienky, rod_cislo) VALUES(6, 8, '3451191822');
INSERT INTO splnenie_dodatocnej_podmienky(id_certifikatu, id_typu_podmienky, rod_cislo) VALUES(1, 5, '4307165294');
INSERT INTO splnenie_dodatocnej_podmienky(id_certifikatu, id_typu_podmienky, rod_cislo) VALUES(6, 5, '5355170525');
INSERT INTO splnenie_dodatocnej_podmienky(id_certifikatu, id_typu_podmienky, rod_cislo) VALUES(6, 1, '7312250045');
INSERT INTO splnenie_dodatocnej_podmienky(id_certifikatu, id_typu_podmienky, rod_cislo) VALUES(4, 10, '9605271600');
INSERT INTO splnenie_dodatocnej_podmienky(id_certifikatu, id_typu_podmienky, rod_cislo) VALUES(6, 8, '4859166759');
INSERT INTO splnenie_dodatocnej_podmienky(id_certifikatu, id_typu_podmienky, rod_cislo) VALUES(5, 2, '1808209263');
INSERT INTO splnenie_dodatocnej_podmienky(id_certifikatu, id_typu_podmienky, rod_cislo) VALUES(8, 10, '9501274148');
INSERT INTO splnenie_dodatocnej_podmienky(id_certifikatu, id_typu_podmienky, rod_cislo) VALUES(1, 8, '5761193222');
INSERT INTO splnenie_dodatocnej_podmienky(id_certifikatu, id_typu_podmienky, rod_cislo) VALUES(9, 4, '7759116828');
INSERT INTO splnenie_dodatocnej_podmienky(id_certifikatu, id_typu_podmienky, rod_cislo) VALUES(1, 4, '1855259618');
INSERT INTO splnenie_dodatocnej_podmienky(id_certifikatu, id_typu_podmienky, rod_cislo) VALUES(2, 8, '6604017400');
INSERT INTO splnenie_dodatocnej_podmienky(id_certifikatu, id_typu_podmienky, rod_cislo) VALUES(9, 1, '9661085580');
INSERT INTO splnenie_dodatocnej_podmienky(id_certifikatu, id_typu_podmienky, rod_cislo) VALUES(4, 7, '9453259820');
INSERT INTO splnenie_dodatocnej_podmienky(id_certifikatu, id_typu_podmienky, rod_cislo) VALUES(9, 5, '0051048261');
INSERT INTO splnenie_dodatocnej_podmienky(id_certifikatu, id_typu_podmienky, rod_cislo) VALUES(7, 4, '9706198159');
INSERT INTO splnenie_dodatocnej_podmienky(id_certifikatu, id_typu_podmienky, rod_cislo) VALUES(2, 10, '0958041815');
INSERT INTO splnenie_dodatocnej_podmienky(id_certifikatu, id_typu_podmienky, rod_cislo) VALUES(2, 5, '4007093337');
INSERT INTO splnenie_dodatocnej_podmienky(id_certifikatu, id_typu_podmienky, rod_cislo) VALUES(6, 9, '0151025902');
INSERT INTO splnenie_dodatocnej_podmienky(id_certifikatu, id_typu_podmienky, rod_cislo) VALUES(1, 6, '3758031265');
INSERT INTO splnenie_dodatocnej_podmienky(id_certifikatu, id_typu_podmienky, rod_cislo) VALUES(7, 4, '6255059549');
INSERT INTO splnenie_dodatocnej_podmienky(id_certifikatu, id_typu_podmienky, rod_cislo) VALUES(2, 3, '1959389943');
INSERT INTO splnenie_dodatocnej_podmienky(id_certifikatu, id_typu_podmienky, rod_cislo) VALUES(1, 10, '2007212681');
INSERT INTO splnenie_dodatocnej_podmienky(id_certifikatu, id_typu_podmienky, rod_cislo) VALUES(2, 3, '0606369841');
INSERT INTO splnenie_dodatocnej_podmienky(id_certifikatu, id_typu_podmienky, rod_cislo) VALUES(1, 5, '8258223253');
INSERT INTO splnenie_dodatocnej_podmienky(id_certifikatu, id_typu_podmienky, rod_cislo) VALUES(2, 10, '1605397715');
INSERT INTO splnenie_dodatocnej_podmienky(id_certifikatu, id_typu_podmienky, rod_cislo) VALUES(1, 5, '3953000742');
INSERT INTO splnenie_dodatocnej_podmienky(id_certifikatu, id_typu_podmienky, rod_cislo) VALUES(1, 8, '6552121166');
INSERT INTO splnenie_dodatocnej_podmienky(id_certifikatu, id_typu_podmienky, rod_cislo) VALUES(3, 2, '5457098060');
INSERT INTO splnenie_dodatocnej_podmienky(id_certifikatu, id_typu_podmienky, rod_cislo) VALUES(7, 8, '6108333982');
INSERT INTO splnenie_dodatocnej_podmienky(id_certifikatu, id_typu_podmienky, rod_cislo) VALUES(5, 2, '0057355112');
INSERT INTO splnenie_dodatocnej_podmienky(id_certifikatu, id_typu_podmienky, rod_cislo) VALUES(6, 9, '9602081494');
INSERT INTO splnenie_dodatocnej_podmienky(id_certifikatu, id_typu_podmienky, rod_cislo) VALUES(3, 9, '7203067304');
INSERT INTO splnenie_dodatocnej_podmienky(id_certifikatu, id_typu_podmienky, rod_cislo) VALUES(2, 2, '2451169987');
INSERT INTO splnenie_dodatocnej_podmienky(id_certifikatu, id_typu_podmienky, rod_cislo) VALUES(7, 8, '4456352693');
INSERT INTO splnenie_dodatocnej_podmienky(id_certifikatu, id_typu_podmienky, rod_cislo) VALUES(2, 8, '8008264835');
INSERT INTO splnenie_dodatocnej_podmienky(id_certifikatu, id_typu_podmienky, rod_cislo) VALUES(4, 7, '1701093412');
INSERT INTO splnenie_dodatocnej_podmienky(id_certifikatu, id_typu_podmienky, rod_cislo) VALUES(8, 10, '4758173988');
INSERT INTO splnenie_dodatocnej_podmienky(id_certifikatu, id_typu_podmienky, rod_cislo) VALUES(10, 5, '7607162940');